metric_name,timestamp,metric_value,check,error,error_code,expected_response,group,method,name,proto,scenario,service,status,subproto,tls_version,url,extra_tags,metadata
http_reqs,1770787244,1.000000,,,1419,false,::setup,POST,https://qonaah.luqni.my.id/login,HTTP/2.0,,,419,,tls1.3,https://qonaah.luqni.my.id/login,,
http_req_duration,1770787244,138.183800,,,1419,false,::setup,POST,https://qonaah.luqni.my.id/login,HTTP/2.0,,,419,,tls1.3,https://qonaah.luqni.my.id/login,,
http_req_blocked,1770787244,130.340400,,,1419,false,::setup,POST,https://qonaah.luqni.my.id/login,HTTP/2.0,,,419,,tls1.3,https://qonaah.luqni.my.id/login,,
http_req_connecting,1770787244,22.471900,,,1419,false,::setup,POST,https://qonaah.luqni.my.id/login,HTTP/2.0,,,419,,tls1.3,https://qonaah.luqni.my.id/login,,
http_req_tls_handshaking,1770787244,91.413700,,,1419,false,::setup,POST,https://qonaah.luqni.my.id/login,HTTP/2.0,,,419,,tls1.3,https://qonaah.luqni.my.id/login,,
http_req_sending,1770787244,3.705000,,,1419,false,::setup,POST,https://qonaah.luqni.my.id/login,HTTP/2.0,,,419,,tls1.3,https://qonaah.luqni.my.id/login,,
http_req_waiting,1770787244,132.196900,,,1419,false,::setup,POST,https://qonaah.luqni.my.id/login,HTTP/2.0,,,419,,tls1.3,https://qonaah.luqni.my.id/login,,
http_req_receiving,1770787244,2.281900,,,1419,false,::setup,POST,https://qonaah.luqni.my.id/login,HTTP/2.0,,,419,,tls1.3,https://qonaah.luqni.my.id/login,,
http_req_failed,1770787244,1.000000,,,1419,false,::setup,POST,https://qonaah.luqni.my.id/login,HTTP/2.0,,,419,,tls1.3,https://qonaah.luqni.my.id/login,,
checks,1770787244,0.000000,Login Berhasil,,,,::setup,,,,,,,,,,,
data_sent,1770787244,701.000000,,,,,::setup,,,,,,,,,,,
data_received,1770787244,11404.000000,,,,,::setup,,,,,,,,,,,
iteration_duration,1770787244,272.166600,,,,,::setup,,,,,,,,,,,
http_reqs,1770787244,1.000000,,,,true,,GET,https://qonaah.luqni.my.id/dashboard,HTTP/2.0,default,,302,,tls1.3,https://qonaah.luqni.my.id/dashboard,,
http_req_duration,1770787244,75.773800,,,,true,,GET,https://qonaah.luqni.my.id/dashboard,HTTP/2.0,default,,302,,tls1.3,https://qonaah.luqni.my.id/dashboard,,
http_req_blocked,1770787244,59.290600,,,,true,,GET,https://qonaah.luqni.my.id/dashboard,HTTP/2.0,default,,302,,tls1.3,https://qonaah.luqni.my.id/dashboard,,
http_req_connecting,1770787244,21.730500,,,,true,,GET,https://qonaah.luqni.my.id/dashboard,HTTP/2.0,default,,302,,tls1.3,https://qonaah.luqni.my.id/dashboard,,
http_req_tls_handshaking,1770787244,36.970300,,,,true,,GET,https://qonaah.luqni.my.id/dashboard,HTTP/2.0,default,,302,,tls1.3,https://qonaah.luqni.my.id/dashboard,,
http_req_sending,1770787244,0.000000,,,,true,,GET,https://qonaah.luqni.my.id/dashboard,HTTP/2.0,default,,302,,tls1.3,https://qonaah.luqni.my.id/dashboard,,
http_req_waiting,1770787244,73.919000,,,,true,,GET,https://qonaah.luqni.my.id/dashboard,HTTP/2.0,default,,302,,tls1.3,https://qonaah.luqni.my.id/dashboard,,
http_req_receiving,1770787244,1.854800,,,,true,,GET,https://qonaah.luqni.my.id/dashboard,HTTP/2.0,default,,302,,tls1.3,https://qonaah.luqni.my.id/dashboard,,
http_req_failed,1770787244,0.000000,,,,true,,GET,https://qonaah.luqni.my.id/dashboard,HTTP/2.0,default,,302,,tls1.3,https://qonaah.luqni.my.id/dashboard,,
http_reqs,1770787245,1.000000,,,,true,,GET,https://qonaah.luqni.my.id/login,HTTP/2.0,default,,200,,tls1.3,https://qonaah.luqni.my.id/login,,
http_req_duration,1770787245,74.376400,,,,true,,GET,https://qonaah.luqni.my.id/login,HTTP/2.0,default,,200,,tls1.3,https://qonaah.luqni.my.id/login,,
http_req_blocked,1770787245,0.000000,,,,true,,GET,https://qonaah.luqni.my.id/login,HTTP/2.0,default,,200,,tls1.3,https://qonaah.luqni.my.id/login,,
http_req_connecting,1770787245,0.000000,,,,true,,GET,https://qonaah.luqni.my.id/login,HTTP/2.0,default,,200,,tls1.3,https://qonaah.luqni.my.id/login,,
http_req_tls_handshaking,1770787245,0.000000,,,,true,,GET,https://qonaah.luqni.my.id/login,HTTP/2.0,default,,200,,tls1.3,https://qonaah.luqni.my.id/login,,
http_req_sending,1770787245,0.000000,,,,true,,GET,https://qonaah.luqni.my.id/login,HTTP/2.0,default,,200,,tls1.3,https://qonaah.luqni.my.id/login,,
http_req_waiting,1770787245,70.031700,,,,true,,GET,https://qonaah.luqni.my.id/login,HTTP/2.0,default,,200,,tls1.3,https://qonaah.luqni.my.id/login,,
http_req_receiving,1770787245,4.344700,,,,true,,GET,https://qonaah.luqni.my.id/login,HTTP/2.0,default,,200,,tls1.3,https://qonaah.luqni.my.id/login,,
http_req_failed,1770787245,0.000000,,,,true,,GET,https://qonaah.luqni.my.id/login,HTTP/2.0,default,,200,,tls1.3,https://qonaah.luqni.my.id/login,,
checks,1770787245,1.000000,status is 200,,,,,,,,default,,,,,,,
vus,1770787245,1.000000,,,,,,,,,,,,,,,,
vus_max,1770787245,1.000000,,,,,,,,,,,,,,,,
data_sent,1770787246,1304.000000,,,,,,,,,default,,,,,,,
data_received,1770787246,15514.000000,,,,,,,,,default,,,,,,,
iteration_duration,1770787246,1226.695400,,,,,,,,,default,,,,,,,
iterations,1770787246,1.000000,,,,,,,,,default,,,,,,,
http_reqs,1770787246,1.000000,,,,true,,GET,https://qonaah.luqni.my.id/dashboard,HTTP/2.0,default,,302,,tls1.3,https://qonaah.luqni.my.id/dashboard,,
http_req_duration,1770787246,48.082500,,,,true,,GET,https://qonaah.luqni.my.id/dashboard,HTTP/2.0,default,,302,,tls1.3,https://qonaah.luqni.my.id/dashboard,,
http_req_blocked,1770787246,0.000000,,,,true,,GET,https://qonaah.luqni.my.id/dashboard,HTTP/2.0,default,,302,,tls1.3,https://qonaah.luqni.my.id/dashboard,,
http_req_connecting,1770787246,0.000000,,,,true,,GET,https://qonaah.luqni.my.id/dashboard,HTTP/2.0,default,,302,,tls1.3,https://qonaah.luqni.my.id/dashboard,,
http_req_tls_handshaking,1770787246,0.000000,,,,true,,GET,https://qonaah.luqni.my.id/dashboard,HTTP/2.0,default,,302,,tls1.3,https://qonaah.luqni.my.id/dashboard,,
http_req_sending,1770787246,0.000000,,,,true,,GET,https://qonaah.luqni.my.id/dashboard,HTTP/2.0,default,,302,,tls1.3,https://qonaah.luqni.my.id/dashboard,,
http_req_waiting,1770787246,46.416200,,,,true,,GET,https://qonaah.luqni.my.id/dashboard,HTTP/2.0,default,,302,,tls1.3,https://qonaah.luqni.my.id/dashboard,,
http_req_receiving,1770787246,1.666300,,,,true,,GET,https://qonaah.luqni.my.id/dashboard,HTTP/2.0,default,,302,,tls1.3,https://qonaah.luqni.my.id/dashboard,,
http_req_failed,1770787246,0.000000,,,,true,,GET,https://qonaah.luqni.my.id/dashboard,HTTP/2.0,default,,302,,tls1.3,https://qonaah.luqni.my.id/dashboard,,
http_reqs,1770787246,1.000000,,,,true,,GET,https://qonaah.luqni.my.id/login,HTTP/2.0,default,,200,,tls1.3,https://qonaah.luqni.my.id/login,,
http_req_duration,1770787246,61.139500,,,,true,,GET,https://qonaah.luqni.my.id/login,HTTP/2.0,default,,200,,tls1.3,https://qonaah.luqni.my.id/login,,
http_req_blocked,1770787246,0.000000,,,,true,,GET,https://qonaah.luqni.my.id/login,HTTP/2.0,default,,200,,tls1.3,https://qonaah.luqni.my.id/login,,
http_req_connecting,1770787246,0.000000,,,,true,,GET,https://qonaah.luqni.my.id/login,HTTP/2.0,default,,200,,tls1.3,https://qonaah.luqni.my.id/login,,
http_req_tls_handshaking,1770787246,0.000000,,,,true,,GET,https://qonaah.luqni.my.id/login,HTTP/2.0,default,,200,,tls1.3,https://qonaah.luqni.my.id/login,,
http_req_sending,1770787246,0.000000,,,,true,,GET,https://qonaah.luqni.my.id/login,HTTP/2.0,default,,200,,tls1.3,https://qonaah.luqni.my.id/login,,
http_req_waiting,1770787246,55.978400,,,,true,,GET,https://qonaah.luqni.my.id/login,HTTP/2.0,default,,200,,tls1.3,https://qonaah.luqni.my.id/login,,
http_req_receiving,1770787246,5.161100,,,,true,,GET,https://qonaah.luqni.my.id/login,HTTP/2.0,default,,200,,tls1.3,https://qonaah.luqni.my.id/login,,
http_req_failed,1770787246,0.000000,,,,true,,GET,https://qonaah.luqni.my.id/login,HTTP/2.0,default,,200,,tls1.3,https://qonaah.luqni.my.id/login,,
checks,1770787246,1.000000,status is 200,,,,,,,,default,,,,,,,
vus,1770787246,1.000000,,,,,,,,,,,,,,,,
vus_max,1770787246,1.000000,,,,,,,,,,,,,,,,
data_sent,1770787247,754.000000,,,,,,,,,default,,,,,,,
data_received,1770787247,12249.000000,,,,,,,,,default,,,,,,,
iteration_duration,1770787247,1110.857800,,,,,,,,,default,,,,,,,
iterations,1770787247,1.000000,,,,,,,,,default,,,,,,,
http_reqs,1770787247,1.000000,,,,true,,GET,https://qonaah.luqni.my.id/dashboard,HTTP/2.0,default,,302,,tls1.3,https://qonaah.luqni.my.id/dashboard,,
http_req_duration,1770787247,48.669400,,,,true,,GET,https://qonaah.luqni.my.id/dashboard,HTTP/2.0,default,,302,,tls1.3,https://qonaah.luqni.my.id/dashboard,,
http_req_blocked,1770787247,0.000000,,,,true,,GET,https://qonaah.luqni.my.id/dashboard,HTTP/2.0,default,,302,,tls1.3,https://qonaah.luqni.my.id/dashboard,,
http_req_connecting,1770787247,0.000000,,,,true,,GET,https://qonaah.luqni.my.id/dashboard,HTTP/2.0,default,,302,,tls1.3,https://qonaah.luqni.my.id/dashboard,,
http_req_tls_handshaking,1770787247,0.000000,,,,true,,GET,https://qonaah.luqni.my.id/dashboard,HTTP/2.0,default,,302,,tls1.3,https://qonaah.luqni.my.id/dashboard,,
http_req_sending,1770787247,0.000000,,,,true,,GET,https://qonaah.luqni.my.id/dashboard,HTTP/2.0,default,,302,,tls1.3,https://qonaah.luqni.my.id/dashboard,,
http_req_waiting,1770787247,47.023300,,,,true,,GET,https://qonaah.luqni.my.id/dashboard,HTTP/2.0,default,,302,,tls1.3,https://qonaah.luqni.my.id/dashboard,,
http_req_receiving,1770787247,1.646100,,,,true,,GET,https://qonaah.luqni.my.id/dashboard,HTTP/2.0,default,,302,,tls1.3,https://qonaah.luqni.my.id/dashboard,,
http_req_failed,1770787247,0.000000,,,,true,,GET,https://qonaah.luqni.my.id/dashboard,HTTP/2.0,default,,302,,tls1.3,https://qonaah.luqni.my.id/dashboard,,
http_reqs,1770787247,1.000000,,,,true,,GET,https://qonaah.luqni.my.id/login,HTTP/2.0,default,,200,,tls1.3,https://qonaah.luqni.my.id/login,,
http_req_duration,1770787247,61.188200,,,,true,,GET,https://qonaah.luqni.my.id/login,HTTP/2.0,default,,200,,tls1.3,https://qonaah.luqni.my.id/login,,
http_req_blocked,1770787247,0.000000,,,,true,,GET,https://qonaah.luqni.my.id/login,HTTP/2.0,default,,200,,tls1.3,https://qonaah.luqni.my.id/login,,
http_req_connecting,1770787247,0.000000,,,,true,,GET,https://qonaah.luqni.my.id/login,HTTP/2.0,default,,200,,tls1.3,https://qonaah.luqni.my.id/login,,
http_req_tls_handshaking,1770787247,0.000000,,,,true,,GET,https://qonaah.luqni.my.id/login,HTTP/2.0,default,,200,,tls1.3,https://qonaah.luqni.my.id/login,,
http_req_sending,1770787247,0.000000,,,,true,,GET,https://qonaah.luqni.my.id/login,HTTP/2.0,default,,200,,tls1.3,https://qonaah.luqni.my.id/login,,
http_req_waiting,1770787247,56.030100,,,,true,,GET,https://qonaah.luqni.my.id/login,HTTP/2.0,default,,200,,tls1.3,https://qonaah.luqni.my.id/login,,
http_req_receiving,1770787247,5.158100,,,,true,,GET,https://qonaah.luqni.my.id/login,HTTP/2.0,default,,200,,tls1.3,https://qonaah.luqni.my.id/login,,
http_req_failed,1770787247,0.000000,,,,true,,GET,https://qonaah.luqni.my.id/login,HTTP/2.0,default,,200,,tls1.3,https://qonaah.luqni.my.id/login,,
checks,1770787247,1.000000,status is 200,,,,,,,,default,,,,,,,
vus,1770787247,1.000000,,,,,,,,,,,,,,,,
vus_max,1770787247,1.000000,,,,,,,,,,,,,,,,
data_sent,1770787248,712.000000,,,,,,,,,default,,,,,,,
data_received,1770787248,12084.000000,,,,,,,,,default,,,,,,,
iteration_duration,1770787248,1124.173800,,,,,,,,,default,,,,,,,
iterations,1770787248,1.000000,,,,,,,,,default,,,,,,,
http_reqs,1770787248,1.000000,,,,true,,GET,https://qonaah.luqni.my.id/dashboard,HTTP/2.0,default,,302,,tls1.3,https://qonaah.luqni.my.id/dashboard,,
http_req_duration,1770787248,60.879400,,,,true,,GET,https://qonaah.luqni.my.id/dashboard,HTTP/2.0,default,,302,,tls1.3,https://qonaah.luqni.my.id/dashboard,,
http_req_blocked,1770787248,0.000000,,,,true,,GET,https://qonaah.luqni.my.id/dashboard,HTTP/2.0,default,,302,,tls1.3,https://qonaah.luqni.my.id/dashboard,,
http_req_connecting,1770787248,0.000000,,,,true,,GET,https://qonaah.luqni.my.id/dashboard,HTTP/2.0,default,,302,,tls1.3,https://qonaah.luqni.my.id/dashboard,,
http_req_tls_handshaking,1770787248,0.000000,,,,true,,GET,https://qonaah.luqni.my.id/dashboard,HTTP/2.0,default,,302,,tls1.3,https://qonaah.luqni.my.id/dashboard,,
http_req_sending,1770787248,0.000000,,,,true,,GET,https://qonaah.luqni.my.id/dashboard,HTTP/2.0,default,,302,,tls1.3,https://qonaah.luqni.my.id/dashboard,,
http_req_waiting,1770787248,59.933700,,,,true,,GET,https://qonaah.luqni.my.id/dashboard,HTTP/2.0,default,,302,,tls1.3,https://qonaah.luqni.my.id/dashboard,,
http_req_receiving,1770787248,0.945700,,,,true,,GET,https://qonaah.luqni.my.id/dashboard,HTTP/2.0,default,,302,,tls1.3,https://qonaah.luqni.my.id/dashboard,,
http_req_failed,1770787248,0.000000,,,,true,,GET,https://qonaah.luqni.my.id/dashboard,HTTP/2.0,default,,302,,tls1.3,https://qonaah.luqni.my.id/dashboard,,
http_reqs,1770787248,1.000000,,,,true,,GET,https://qonaah.luqni.my.id/login,HTTP/2.0,default,,200,,tls1.3,https://qonaah.luqni.my.id/login,,
http_req_duration,1770787248,52.687900,,,,true,,GET,https://qonaah.luqni.my.id/login,HTTP/2.0,default,,200,,tls1.3,https://qonaah.luqni.my.id/login,,
http_req_blocked,1770787248,0.000000,,,,true,,GET,https://qonaah.luqni.my.id/login,HTTP/2.0,default,,200,,tls1.3,https://qonaah.luqni.my.id/login,,
http_req_connecting,1770787248,0.000000,,,,true,,GET,https://qonaah.luqni.my.id/login,HTTP/2.0,default,,200,,tls1.3,https://qonaah.luqni.my.id/login,,
http_req_tls_handshaking,1770787248,0.000000,,,,true,,GET,https://qonaah.luqni.my.id/login,HTTP/2.0,default,,200,,tls1.3,https://qonaah.luqni.my.id/login,,
http_req_sending,1770787248,0.000000,,,,true,,GET,https://qonaah.luqni.my.id/login,HTTP/2.0,default,,200,,tls1.3,https://qonaah.luqni.my.id/login,,
http_req_waiting,1770787248,48.014000,,,,true,,GET,https://qonaah.luqni.my.id/login,HTTP/2.0,default,,200,,tls1.3,https://qonaah.luqni.my.id/login,,
http_req_receiving,1770787248,4.673900,,,,true,,GET,https://qonaah.luqni.my.id/login,HTTP/2.0,default,,200,,tls1.3,https://qonaah.luqni.my.id/login,,
http_req_failed,1770787248,0.000000,,,,true,,GET,https://qonaah.luqni.my.id/login,HTTP/2.0,default,,200,,tls1.3,https://qonaah.luqni.my.id/login,,
checks,1770787248,1.000000,status is 200,,,,,,,,default,,,,,,,
vus,1770787248,1.000000,,,,,,,,,,,,,,,,
vus_max,1770787248,1.000000,,,,,,,,,,,,,,,,
data_sent,1770787249,707.000000,,,,,,,,,default,,,,,,,
data_received,1770787249,12141.000000,,,,,,,,,default,,,,,,,
iteration_duration,1770787249,1126.066600,,,,,,,,,default,,,,,,,
iterations,1770787249,1.000000,,,,,,,,,default,,,,,,,
http_reqs,1770787249,1.000000,,,,true,,GET,https://qonaah.luqni.my.id/dashboard,HTTP/2.0,default,,302,,tls1.3,https://qonaah.luqni.my.id/dashboard,,
http_req_duration,1770787249,47.860200,,,,true,,GET,https://qonaah.luqni.my.id/dashboard,HTTP/2.0,default,,302,,tls1.3,https://qonaah.luqni.my.id/dashboard,,
http_req_blocked,1770787249,0.000000,,,,true,,GET,https://qonaah.luqni.my.id/dashboard,HTTP/2.0,default,,302,,tls1.3,https://qonaah.luqni.my.id/dashboard,,
http_req_connecting,1770787249,0.000000,,,,true,,GET,https://qonaah.luqni.my.id/dashboard,HTTP/2.0,default,,302,,tls1.3,https://qonaah.luqni.my.id/dashboard,,
http_req_tls_handshaking,1770787249,0.000000,,,,true,,GET,https://qonaah.luqni.my.id/dashboard,HTTP/2.0,default,,302,,tls1.3,https://qonaah.luqni.my.id/dashboard,,
http_req_sending,1770787249,0.000000,,,,true,,GET,https://qonaah.luqni.my.id/dashboard,HTTP/2.0,default,,302,,tls1.3,https://qonaah.luqni.my.id/dashboard,,
http_req_waiting,1770787249,46.969900,,,,true,,GET,https://qonaah.luqni.my.id/dashboard,HTTP/2.0,default,,302,,tls1.3,https://qonaah.luqni.my.id/dashboard,,
http_req_receiving,1770787249,0.890300,,,,true,,GET,https://qonaah.luqni.my.id/dashboard,HTTP/2.0,default,,302,,tls1.3,https://qonaah.luqni.my.id/dashboard,,
http_req_failed,1770787249,0.000000,,,,true,,GET,https://qonaah.luqni.my.id/dashboard,HTTP/2.0,default,,302,,tls1.3,https://qonaah.luqni.my.id/dashboard,,
http_reqs,1770787249,1.000000,,,,true,,GET,https://qonaah.luqni.my.id/login,HTTP/2.0,default,,200,,tls1.3,https://qonaah.luqni.my.id/login,,
http_req_duration,1770787249,51.187900,,,,true,,GET,https://qonaah.luqni.my.id/login,HTTP/2.0,default,,200,,tls1.3,https://qonaah.luqni.my.id/login,,
http_req_blocked,1770787249,0.000000,,,,true,,GET,https://qonaah.luqni.my.id/login,HTTP/2.0,default,,200,,tls1.3,https://qonaah.luqni.my.id/login,,
http_req_connecting,1770787249,0.000000,,,,true,,GET,https://qonaah.luqni.my.id/login,HTTP/2.0,default,,200,,tls1.3,https://qonaah.luqni.my.id/login,,
http_req_tls_handshaking,1770787249,0.000000,,,,true,,GET,https://qonaah.luqni.my.id/login,HTTP/2.0,default,,200,,tls1.3,https://qonaah.luqni.my.id/login,,
http_req_sending,1770787249,0.000000,,,,true,,GET,https://qonaah.luqni.my.id/login,HTTP/2.0,default,,200,,tls1.3,https://qonaah.luqni.my.id/login,,
http_req_waiting,1770787249,49.095500,,,,true,,GET,https://qonaah.luqni.my.id/login,HTTP/2.0,default,,200,,tls1.3,https://qonaah.luqni.my.id/login,,
http_req_receiving,1770787249,2.092400,,,,true,,GET,https://qonaah.luqni.my.id/login,HTTP/2.0,default,,200,,tls1.3,https://qonaah.luqni.my.id/login,,
http_req_failed,1770787249,0.000000,,,,true,,GET,https://qonaah.luqni.my.id/login,HTTP/2.0,default,,200,,tls1.3,https://qonaah.luqni.my.id/login,,
checks,1770787249,1.000000,status is 200,,,,,,,,default,,,,,,,
vus,1770787249,1.000000,,,,,,,,,,,,,,,,
vus_max,1770787249,1.000000,,,,,,,,,,,,,,,,
data_sent,1770787250,708.000000,,,,,,,,,default,,,,,,,
data_received,1770787250,12210.000000,,,,,,,,,default,,,,,,,
iteration_duration,1770787250,1110.600000,,,,,,,,,default,,,,,,,
iterations,1770787250,1.000000,,,,,,,,,default,,,,,,,
vus,1770787250,1.000000,,,,,,,,,,,,,,,,
vus_max,1770787250,1.000000,,,,,,,,,,,,,,,,
http_reqs,1770787250,1.000000,,,,true,,GET,https://qonaah.luqni.my.id/dashboard,HTTP/2.0,default,,302,,tls1.3,https://qonaah.luqni.my.id/dashboard,,
http_req_duration,1770787250,49.042500,,,,true,,GET,https://qonaah.luqni.my.id/dashboard,HTTP/2.0,default,,302,,tls1.3,https://qonaah.luqni.my.id/dashboard,,
http_req_blocked,1770787250,0.000000,,,,true,,GET,https://qonaah.luqni.my.id/dashboard,HTTP/2.0,default,,302,,tls1.3,https://qonaah.luqni.my.id/dashboard,,
http_req_connecting,1770787250,0.000000,,,,true,,GET,https://qonaah.luqni.my.id/dashboard,HTTP/2.0,default,,302,,tls1.3,https://qonaah.luqni.my.id/dashboard,,
http_req_tls_handshaking,1770787250,0.000000,,,,true,,GET,https://qonaah.luqni.my.id/dashboard,HTTP/2.0,default,,302,,tls1.3,https://qonaah.luqni.my.id/dashboard,,
http_req_sending,1770787250,0.000000,,,,true,,GET,https://qonaah.luqni.my.id/dashboard,HTTP/2.0,default,,302,,tls1.3,https://qonaah.luqni.my.id/dashboard,,
http_req_waiting,1770787250,49.042500,,,,true,,GET,https://qonaah.luqni.my.id/dashboard,HTTP/2.0,default,,302,,tls1.3,https://qonaah.luqni.my.id/dashboard,,
http_req_receiving,1770787250,0.000000,,,,true,,GET,https://qonaah.luqni.my.id/dashboard,HTTP/2.0,default,,302,,tls1.3,https://qonaah.luqni.my.id/dashboard,,
http_req_failed,1770787250,0.000000,,,,true,,GET,https://qonaah.luqni.my.id/dashboard,HTTP/2.0,default,,302,,tls1.3,https://qonaah.luqni.my.id/dashboard,,
http_reqs,1770787250,1.000000,,,,true,,GET,https://qonaah.luqni.my.id/login,HTTP/2.0,default,,200,,tls1.3,https://qonaah.luqni.my.id/login,,
http_req_duration,1770787250,47.922700,,,,true,,GET,https://qonaah.luqni.my.id/login,HTTP/2.0,default,,200,,tls1.3,https://qonaah.luqni.my.id/login,,
http_req_blocked,1770787250,0.000000,,,,true,,GET,https://qonaah.luqni.my.id/login,HTTP/2.0,default,,200,,tls1.3,https://qonaah.luqni.my.id/login,,
http_req_connecting,1770787250,0.000000,,,,true,,GET,https://qonaah.luqni.my.id/login,HTTP/2.0,default,,200,,tls1.3,https://qonaah.luqni.my.id/login,,
http_req_tls_handshaking,1770787250,0.000000,,,,true,,GET,https://qonaah.luqni.my.id/login,HTTP/2.0,default,,200,,tls1.3,https://qonaah.luqni.my.id/login,,
http_req_sending,1770787250,0.000000,,,,true,,GET,https://qonaah.luqni.my.id/login,HTTP/2.0,default,,200,,tls1.3,https://qonaah.luqni.my.id/login,,
http_req_waiting,1770787250,45.332300,,,,true,,GET,https://qonaah.luqni.my.id/login,HTTP/2.0,default,,200,,tls1.3,https://qonaah.luqni.my.id/login,,
http_req_receiving,1770787250,2.590400,,,,true,,GET,https://qonaah.luqni.my.id/login,HTTP/2.0,default,,200,,tls1.3,https://qonaah.luqni.my.id/login,,
http_req_failed,1770787250,0.000000,,,,true,,GET,https://qonaah.luqni.my.id/login,HTTP/2.0,default,,200,,tls1.3,https://qonaah.luqni.my.id/login,,
checks,1770787250,1.000000,status is 200,,,,,,,,default,,,,,,,
vus,1770787251,1.000000,,,,,,,,,,,,,,,,
vus_max,1770787251,1.000000,,,,,,,,,,,,,,,,
data_sent,1770787251,786.000000,,,,,,,,,default,,,,,,,
data_received,1770787251,11992.000000,,,,,,,,,default,,,,,,,
iteration_duration,1770787251,1109.148600,,,,,,,,,default,,,,,,,
iterations,1770787251,1.000000,,,,,,,,,default,,,,,,,
http_reqs,1770787251,1.000000,,,,true,,GET,https://qonaah.luqni.my.id/dashboard,HTTP/2.0,default,,302,,tls1.3,https://qonaah.luqni.my.id/dashboard,,
http_req_duration,1770787251,42.925300,,,,true,,GET,https://qonaah.luqni.my.id/dashboard,HTTP/2.0,default,,302,,tls1.3,https://qonaah.luqni.my.id/dashboard,,
http_req_blocked,1770787251,0.000000,,,,true,,GET,https://qonaah.luqni.my.id/dashboard,HTTP/2.0,default,,302,,tls1.3,https://qonaah.luqni.my.id/dashboard,,
http_req_connecting,1770787251,0.000000,,,,true,,GET,https://qonaah.luqni.my.id/dashboard,HTTP/2.0,default,,302,,tls1.3,https://qonaah.luqni.my.id/dashboard,,
http_req_tls_handshaking,1770787251,0.000000,,,,true,,GET,https://qonaah.luqni.my.id/dashboard,HTTP/2.0,default,,302,,tls1.3,https://qonaah.luqni.my.id/dashboard,,
http_req_sending,1770787251,0.000000,,,,true,,GET,https://qonaah.luqni.my.id/dashboard,HTTP/2.0,default,,302,,tls1.3,https://qonaah.luqni.my.id/dashboard,,
http_req_waiting,1770787251,42.003300,,,,true,,GET,https://qonaah.luqni.my.id/dashboard,HTTP/2.0,default,,302,,tls1.3,https://qonaah.luqni.my.id/dashboard,,
http_req_receiving,1770787251,0.922000,,,,true,,GET,https://qonaah.luqni.my.id/dashboard,HTTP/2.0,default,,302,,tls1.3,https://qonaah.luqni.my.id/dashboard,,
http_req_failed,1770787251,0.000000,,,,true,,GET,https://qonaah.luqni.my.id/dashboard,HTTP/2.0,default,,302,,tls1.3,https://qonaah.luqni.my.id/dashboard,,
http_reqs,1770787251,1.000000,,,,true,,GET,https://qonaah.luqni.my.id/login,HTTP/2.0,default,,200,,tls1.3,https://qonaah.luqni.my.id/login,,
http_req_duration,1770787251,46.363400,,,,true,,GET,https://qonaah.luqni.my.id/login,HTTP/2.0,default,,200,,tls1.3,https://qonaah.luqni.my.id/login,,
http_req_blocked,1770787251,0.000000,,,,true,,GET,https://qonaah.luqni.my.id/login,HTTP/2.0,default,,200,,tls1.3,https://qonaah.luqni.my.id/login,,
http_req_connecting,1770787251,0.000000,,,,true,,GET,https://qonaah.luqni.my.id/login,HTTP/2.0,default,,200,,tls1.3,https://qonaah.luqni.my.id/login,,
http_req_tls_handshaking,1770787251,0.000000,,,,true,,GET,https://qonaah.luqni.my.id/login,HTTP/2.0,default,,200,,tls1.3,https://qonaah.luqni.my.id/login,,
http_req_sending,1770787251,0.000000,,,,true,,GET,https://qonaah.luqni.my.id/login,HTTP/2.0,default,,200,,tls1.3,https://qonaah.luqni.my.id/login,,
http_req_waiting,1770787251,45.001800,,,,true,,GET,https://qonaah.luqni.my.id/login,HTTP/2.0,default,,200,,tls1.3,https://qonaah.luqni.my.id/login,,
http_req_receiving,1770787251,1.361600,,,,true,,GET,https://qonaah.luqni.my.id/login,HTTP/2.0,default,,200,,tls1.3,https://qonaah.luqni.my.id/login,,
http_req_failed,1770787251,0.000000,,,,true,,GET,https://qonaah.luqni.my.id/login,HTTP/2.0,default,,200,,tls1.3,https://qonaah.luqni.my.id/login,,
checks,1770787251,1.000000,status is 200,,,,,,,,default,,,,,,,
vus,1770787252,1.000000,,,,,,,,,,,,,,,,
vus_max,1770787252,1.000000,,,,,,,,,,,,,,,,
data_sent,1770787252,706.000000,,,,,,,,,default,,,,,,,
data_received,1770787252,12184.000000,,,,,,,,,default,,,,,,,
iteration_duration,1770787252,1095.853500,,,,,,,,,default,,,,,,,
iterations,1770787252,1.000000,,,,,,,,,default,,,,,,,
http_reqs,1770787252,1.000000,,,,true,,GET,https://qonaah.luqni.my.id/dashboard,HTTP/2.0,default,,302,,tls1.3,https://qonaah.luqni.my.id/dashboard,,
http_req_duration,1770787252,67.664500,,,,true,,GET,https://qonaah.luqni.my.id/dashboard,HTTP/2.0,default,,302,,tls1.3,https://qonaah.luqni.my.id/dashboard,,
http_req_blocked,1770787252,0.000000,,,,true,,GET,https://qonaah.luqni.my.id/dashboard,HTTP/2.0,default,,302,,tls1.3,https://qonaah.luqni.my.id/dashboard,,
http_req_connecting,1770787252,0.000000,,,,true,,GET,https://qonaah.luqni.my.id/dashboard,HTTP/2.0,default,,302,,tls1.3,https://qonaah.luqni.my.id/dashboard,,
http_req_tls_handshaking,1770787252,0.000000,,,,true,,GET,https://qonaah.luqni.my.id/dashboard,HTTP/2.0,default,,302,,tls1.3,https://qonaah.luqni.my.id/dashboard,,
http_req_sending,1770787252,0.000000,,,,true,,GET,https://qonaah.luqni.my.id/dashboard,HTTP/2.0,default,,302,,tls1.3,https://qonaah.luqni.my.id/dashboard,,
http_req_waiting,1770787252,66.922400,,,,true,,GET,https://qonaah.luqni.my.id/dashboard,HTTP/2.0,default,,302,,tls1.3,https://qonaah.luqni.my.id/dashboard,,
http_req_receiving,1770787252,0.742100,,,,true,,GET,https://qonaah.luqni.my.id/dashboard,HTTP/2.0,default,,302,,tls1.3,https://qonaah.luqni.my.id/dashboard,,
http_req_failed,1770787252,0.000000,,,,true,,GET,https://qonaah.luqni.my.id/dashboard,HTTP/2.0,default,,302,,tls1.3,https://qonaah.luqni.my.id/dashboard,,
http_reqs,1770787253,1.000000,,,,true,,GET,https://qonaah.luqni.my.id/login,HTTP/2.0,default,,200,,tls1.3,https://qonaah.luqni.my.id/login,,
http_req_duration,1770787253,280.768900,,,,true,,GET,https://qonaah.luqni.my.id/login,HTTP/2.0,default,,200,,tls1.3,https://qonaah.luqni.my.id/login,,
http_req_blocked,1770787253,0.000000,,,,true,,GET,https://qonaah.luqni.my.id/login,HTTP/2.0,default,,200,,tls1.3,https://qonaah.luqni.my.id/login,,
http_req_connecting,1770787253,0.000000,,,,true,,GET,https://qonaah.luqni.my.id/login,HTTP/2.0,default,,200,,tls1.3,https://qonaah.luqni.my.id/login,,
http_req_tls_handshaking,1770787253,0.000000,,,,true,,GET,https://qonaah.luqni.my.id/login,HTTP/2.0,default,,200,,tls1.3,https://qonaah.luqni.my.id/login,,
http_req_sending,1770787253,0.000000,,,,true,,GET,https://qonaah.luqni.my.id/login,HTTP/2.0,default,,200,,tls1.3,https://qonaah.luqni.my.id/login,,
http_req_waiting,1770787253,78.984700,,,,true,,GET,https://qonaah.luqni.my.id/login,HTTP/2.0,default,,200,,tls1.3,https://qonaah.luqni.my.id/login,,
http_req_receiving,1770787253,201.784200,,,,true,,GET,https://qonaah.luqni.my.id/login,HTTP/2.0,default,,200,,tls1.3,https://qonaah.luqni.my.id/login,,
http_req_failed,1770787253,0.000000,,,,true,,GET,https://qonaah.luqni.my.id/login,HTTP/2.0,default,,200,,tls1.3,https://qonaah.luqni.my.id/login,,
checks,1770787253,1.000000,status is 200,,,,,,,,default,,,,,,,
vus,1770787253,1.000000,,,,,,,,,,,,,,,,
vus_max,1770787253,1.000000,,,,,,,,,,,,,,,,
data_sent,1770787254,709.000000,,,,,,,,,default,,,,,,,
data_received,1770787254,12157.000000,,,,,,,,,default,,,,,,,
iteration_duration,1770787254,1349.503000,,,,,,,,,default,,,,,,,
iterations,1770787254,1.000000,,,,,,,,,default,,,,,,,
http_reqs,1770787254,1.000000,,,,true,,GET,https://qonaah.luqni.my.id/dashboard,HTTP/2.0,default,,302,,tls1.3,https://qonaah.luqni.my.id/dashboard,,
http_req_duration,1770787254,70.416800,,,,true,,GET,https://qonaah.luqni.my.id/dashboard,HTTP/2.0,default,,302,,tls1.3,https://qonaah.luqni.my.id/dashboard,,
http_req_blocked,1770787254,0.000000,,,,true,,GET,https://qonaah.luqni.my.id/dashboard,HTTP/2.0,default,,302,,tls1.3,https://qonaah.luqni.my.id/dashboard,,
http_req_connecting,1770787254,0.000000,,,,true,,GET,https://qonaah.luqni.my.id/dashboard,HTTP/2.0,default,,302,,tls1.3,https://qonaah.luqni.my.id/dashboard,,
http_req_tls_handshaking,1770787254,0.000000,,,,true,,GET,https://qonaah.luqni.my.id/dashboard,HTTP/2.0,default,,302,,tls1.3,https://qonaah.luqni.my.id/dashboard,,
http_req_sending,1770787254,0.000000,,,,true,,GET,https://qonaah.luqni.my.id/dashboard,HTTP/2.0,default,,302,,tls1.3,https://qonaah.luqni.my.id/dashboard,,
http_req_waiting,1770787254,69.942100,,,,true,,GET,https://qonaah.luqni.my.id/dashboard,HTTP/2.0,default,,302,,tls1.3,https://qonaah.luqni.my.id/dashboard,,
http_req_receiving,1770787254,0.474700,,,,true,,GET,https://qonaah.luqni.my.id/dashboard,HTTP/2.0,default,,302,,tls1.3,https://qonaah.luqni.my.id/dashboard,,
http_req_failed,1770787254,0.000000,,,,true,,GET,https://qonaah.luqni.my.id/dashboard,HTTP/2.0,default,,302,,tls1.3,https://qonaah.luqni.my.id/dashboard,,
http_reqs,1770787254,1.000000,,,,true,,GET,https://qonaah.luqni.my.id/login,HTTP/2.0,default,,200,,tls1.3,https://qonaah.luqni.my.id/login,,
http_req_duration,1770787254,45.639400,,,,true,,GET,https://qonaah.luqni.my.id/login,HTTP/2.0,default,,200,,tls1.3,https://qonaah.luqni.my.id/login,,
http_req_blocked,1770787254,0.000000,,,,true,,GET,https://qonaah.luqni.my.id/login,HTTP/2.0,default,,200,,tls1.3,https://qonaah.luqni.my.id/login,,
http_req_connecting,1770787254,0.000000,,,,true,,GET,https://qonaah.luqni.my.id/login,HTTP/2.0,default,,200,,tls1.3,https://qonaah.luqni.my.id/login,,
http_req_tls_handshaking,1770787254,0.000000,,,,true,,GET,https://qonaah.luqni.my.id/login,HTTP/2.0,default,,200,,tls1.3,https://qonaah.luqni.my.id/login,,
http_req_sending,1770787254,0.000000,,,,true,,GET,https://qonaah.luqni.my.id/login,HTTP/2.0,default,,200,,tls1.3,https://qonaah.luqni.my.id/login,,
http_req_waiting,1770787254,43.396100,,,,true,,GET,https://qonaah.luqni.my.id/login,HTTP/2.0,default,,200,,tls1.3,https://qonaah.luqni.my.id/login,,
http_req_receiving,1770787254,2.243300,,,,true,,GET,https://qonaah.luqni.my.id/login,HTTP/2.0,default,,200,,tls1.3,https://qonaah.luqni.my.id/login,,
http_req_failed,1770787254,0.000000,,,,true,,GET,https://qonaah.luqni.my.id/login,HTTP/2.0,default,,200,,tls1.3,https://qonaah.luqni.my.id/login,,
checks,1770787254,1.000000,status is 200,,,,,,,,default,,,,,,,
vus,1770787254,1.000000,,,,,,,,,,,,,,,,
vus_max,1770787254,1.000000,,,,,,,,,,,,,,,,
data_sent,1770787255,708.000000,,,,,,,,,default,,,,,,,
data_received,1770787255,11989.000000,,,,,,,,,default,,,,,,,
iteration_duration,1770787255,1126.876300,,,,,,,,,default,,,,,,,
iterations,1770787255,1.000000,,,,,,,,,default,,,,,,,
http_reqs,1770787255,1.000000,,,,true,,GET,https://qonaah.luqni.my.id/dashboard,HTTP/2.0,default,,302,,tls1.3,https://qonaah.luqni.my.id/dashboard,,
http_req_duration,1770787255,46.139300,,,,true,,GET,https://qonaah.luqni.my.id/dashboard,HTTP/2.0,default,,302,,tls1.3,https://qonaah.luqni.my.id/dashboard,,
http_req_blocked,1770787255,0.000000,,,,true,,GET,https://qonaah.luqni.my.id/dashboard,HTTP/2.0,default,,302,,tls1.3,https://qonaah.luqni.my.id/dashboard,,
http_req_connecting,1770787255,0.000000,,,,true,,GET,https://qonaah.luqni.my.id/dashboard,HTTP/2.0,default,,302,,tls1.3,https://qonaah.luqni.my.id/dashboard,,
http_req_tls_handshaking,1770787255,0.000000,,,,true,,GET,https://qonaah.luqni.my.id/dashboard,HTTP/2.0,default,,302,,tls1.3,https://qonaah.luqni.my.id/dashboard,,
http_req_sending,1770787255,0.000000,,,,true,,GET,https://qonaah.luqni.my.id/dashboard,HTTP/2.0,default,,302,,tls1.3,https://qonaah.luqni.my.id/dashboard,,
http_req_waiting,1770787255,44.403400,,,,true,,GET,https://qonaah.luqni.my.id/dashboard,HTTP/2.0,default,,302,,tls1.3,https://qonaah.luqni.my.id/dashboard,,
http_req_receiving,1770787255,1.735900,,,,true,,GET,https://qonaah.luqni.my.id/dashboard,HTTP/2.0,default,,302,,tls1.3,https://qonaah.luqni.my.id/dashboard,,
http_req_failed,1770787255,0.000000,,,,true,,GET,https://qonaah.luqni.my.id/dashboard,HTTP/2.0,default,,302,,tls1.3,https://qonaah.luqni.my.id/dashboard,,
http_reqs,1770787255,1.000000,,,,true,,GET,https://qonaah.luqni.my.id/login,HTTP/2.0,default,,200,,tls1.3,https://qonaah.luqni.my.id/login,,
http_req_duration,1770787255,49.754400,,,,true,,GET,https://qonaah.luqni.my.id/login,HTTP/2.0,default,,200,,tls1.3,https://qonaah.luqni.my.id/login,,
http_req_blocked,1770787255,0.000000,,,,true,,GET,https://qonaah.luqni.my.id/login,HTTP/2.0,default,,200,,tls1.3,https://qonaah.luqni.my.id/login,,
http_req_connecting,1770787255,0.000000,,,,true,,GET,https://qonaah.luqni.my.id/login,HTTP/2.0,default,,200,,tls1.3,https://qonaah.luqni.my.id/login,,
http_req_tls_handshaking,1770787255,0.000000,,,,true,,GET,https://qonaah.luqni.my.id/login,HTTP/2.0,default,,200,,tls1.3,https://qonaah.luqni.my.id/login,,
http_req_sending,1770787255,0.000000,,,,true,,GET,https://qonaah.luqni.my.id/login,HTTP/2.0,default,,200,,tls1.3,https://qonaah.luqni.my.id/login,,
http_req_waiting,1770787255,46.395700,,,,true,,GET,https://qonaah.luqni.my.id/login,HTTP/2.0,default,,200,,tls1.3,https://qonaah.luqni.my.id/login,,
http_req_receiving,1770787255,3.358700,,,,true,,GET,https://qonaah.luqni.my.id/login,HTTP/2.0,default,,200,,tls1.3,https://qonaah.luqni.my.id/login,,
http_req_failed,1770787255,0.000000,,,,true,,GET,https://qonaah.luqni.my.id/login,HTTP/2.0,default,,200,,tls1.3,https://qonaah.luqni.my.id/login,,
checks,1770787255,1.000000,status is 200,,,,,,,,default,,,,,,,
vus,1770787255,1.000000,,,,,,,,,,,,,,,,
vus_max,1770787255,1.000000,,,,,,,,,,,,,,,,
data_sent,1770787256,709.000000,,,,,,,,,default,,,,,,,
data_received,1770787256,12103.000000,,,,,,,,,default,,,,,,,
iteration_duration,1770787256,1098.347000,,,,,,,,,default,,,,,,,
iterations,1770787256,1.000000,,,,,,,,,default,,,,,,,
http_reqs,1770787256,1.000000,,,,true,,GET,https://qonaah.luqni.my.id/dashboard,HTTP/2.0,default,,302,,tls1.3,https://qonaah.luqni.my.id/dashboard,,
http_req_duration,1770787256,73.632700,,,,true,,GET,https://qonaah.luqni.my.id/dashboard,HTTP/2.0,default,,302,,tls1.3,https://qonaah.luqni.my.id/dashboard,,
http_req_blocked,1770787256,0.000000,,,,true,,GET,https://qonaah.luqni.my.id/dashboard,HTTP/2.0,default,,302,,tls1.3,https://qonaah.luqni.my.id/dashboard,,
http_req_connecting,1770787256,0.000000,,,,true,,GET,https://qonaah.luqni.my.id/dashboard,HTTP/2.0,default,,302,,tls1.3,https://qonaah.luqni.my.id/dashboard,,
http_req_tls_handshaking,1770787256,0.000000,,,,true,,GET,https://qonaah.luqni.my.id/dashboard,HTTP/2.0,default,,302,,tls1.3,https://qonaah.luqni.my.id/dashboard,,
http_req_sending,1770787256,0.000000,,,,true,,GET,https://qonaah.luqni.my.id/dashboard,HTTP/2.0,default,,302,,tls1.3,https://qonaah.luqni.my.id/dashboard,,
http_req_waiting,1770787256,72.957800,,,,true,,GET,https://qonaah.luqni.my.id/dashboard,HTTP/2.0,default,,302,,tls1.3,https://qonaah.luqni.my.id/dashboard,,
http_req_receiving,1770787256,0.674900,,,,true,,GET,https://qonaah.luqni.my.id/dashboard,HTTP/2.0,default,,302,,tls1.3,https://qonaah.luqni.my.id/dashboard,,
http_req_failed,1770787256,0.000000,,,,true,,GET,https://qonaah.luqni.my.id/dashboard,HTTP/2.0,default,,302,,tls1.3,https://qonaah.luqni.my.id/dashboard,,
http_reqs,1770787256,1.000000,,,,true,,GET,https://qonaah.luqni.my.id/login,HTTP/2.0,default,,200,,tls1.3,https://qonaah.luqni.my.id/login,,
http_req_duration,1770787256,56.702800,,,,true,,GET,https://qonaah.luqni.my.id/login,HTTP/2.0,default,,200,,tls1.3,https://qonaah.luqni.my.id/login,,
http_req_blocked,1770787256,0.000000,,,,true,,GET,https://qonaah.luqni.my.id/login,HTTP/2.0,default,,200,,tls1.3,https://qonaah.luqni.my.id/login,,
http_req_connecting,1770787256,0.000000,,,,true,,GET,https://qonaah.luqni.my.id/login,HTTP/2.0,default,,200,,tls1.3,https://qonaah.luqni.my.id/login,,
http_req_tls_handshaking,1770787256,0.000000,,,,true,,GET,https://qonaah.luqni.my.id/login,HTTP/2.0,default,,200,,tls1.3,https://qonaah.luqni.my.id/login,,
http_req_sending,1770787256,0.000000,,,,true,,GET,https://qonaah.luqni.my.id/login,HTTP/2.0,default,,200,,tls1.3,https://qonaah.luqni.my.id/login,,
http_req_waiting,1770787256,55.015200,,,,true,,GET,https://qonaah.luqni.my.id/login,HTTP/2.0,default,,200,,tls1.3,https://qonaah.luqni.my.id/login,,
http_req_receiving,1770787256,1.687600,,,,true,,GET,https://qonaah.luqni.my.id/login,HTTP/2.0,default,,200,,tls1.3,https://qonaah.luqni.my.id/login,,
http_req_failed,1770787256,0.000000,,,,true,,GET,https://qonaah.luqni.my.id/login,HTTP/2.0,default,,200,,tls1.3,https://qonaah.luqni.my.id/login,,
checks,1770787256,1.000000,status is 200,,,,,,,,default,,,,,,,
vus,1770787256,1.000000,,,,,,,,,,,,,,,,
vus_max,1770787256,1.000000,,,,,,,,,,,,,,,,
data_sent,1770787257,755.000000,,,,,,,,,default,,,,,,,
data_received,1770787257,12171.000000,,,,,,,,,default,,,,,,,
iteration_duration,1770787257,1133.294600,,,,,,,,,default,,,,,,,
iterations,1770787257,1.000000,,,,,,,,,default,,,,,,,
http_reqs,1770787257,1.000000,,,,true,,GET,https://qonaah.luqni.my.id/dashboard,HTTP/2.0,default,,302,,tls1.3,https://qonaah.luqni.my.id/dashboard,,
http_req_duration,1770787257,45.201100,,,,true,,GET,https://qonaah.luqni.my.id/dashboard,HTTP/2.0,default,,302,,tls1.3,https://qonaah.luqni.my.id/dashboard,,
http_req_blocked,1770787257,0.000000,,,,true,,GET,https://qonaah.luqni.my.id/dashboard,HTTP/2.0,default,,302,,tls1.3,https://qonaah.luqni.my.id/dashboard,,
http_req_connecting,1770787257,0.000000,,,,true,,GET,https://qonaah.luqni.my.id/dashboard,HTTP/2.0,default,,302,,tls1.3,https://qonaah.luqni.my.id/dashboard,,
http_req_tls_handshaking,1770787257,0.000000,,,,true,,GET,https://qonaah.luqni.my.id/dashboard,HTTP/2.0,default,,302,,tls1.3,https://qonaah.luqni.my.id/dashboard,,
http_req_sending,1770787257,0.000000,,,,true,,GET,https://qonaah.luqni.my.id/dashboard,HTTP/2.0,default,,302,,tls1.3,https://qonaah.luqni.my.id/dashboard,,
http_req_waiting,1770787257,45.003800,,,,true,,GET,https://qonaah.luqni.my.id/dashboard,HTTP/2.0,default,,302,,tls1.3,https://qonaah.luqni.my.id/dashboard,,
http_req_receiving,1770787257,0.197300,,,,true,,GET,https://qonaah.luqni.my.id/dashboard,HTTP/2.0,default,,302,,tls1.3,https://qonaah.luqni.my.id/dashboard,,
http_req_failed,1770787257,0.000000,,,,true,,GET,https://qonaah.luqni.my.id/dashboard,HTTP/2.0,default,,302,,tls1.3,https://qonaah.luqni.my.id/dashboard,,
http_reqs,1770787257,1.000000,,,,true,,GET,https://qonaah.luqni.my.id/login,HTTP/2.0,default,,200,,tls1.3,https://qonaah.luqni.my.id/login,,
http_req_duration,1770787257,49.266900,,,,true,,GET,https://qonaah.luqni.my.id/login,HTTP/2.0,default,,200,,tls1.3,https://qonaah.luqni.my.id/login,,
http_req_blocked,1770787257,0.000000,,,,true,,GET,https://qonaah.luqni.my.id/login,HTTP/2.0,default,,200,,tls1.3,https://qonaah.luqni.my.id/login,,
http_req_connecting,1770787257,0.000000,,,,true,,GET,https://qonaah.luqni.my.id/login,HTTP/2.0,default,,200,,tls1.3,https://qonaah.luqni.my.id/login,,
http_req_tls_handshaking,1770787257,0.000000,,,,true,,GET,https://qonaah.luqni.my.id/login,HTTP/2.0,default,,200,,tls1.3,https://qonaah.luqni.my.id/login,,
http_req_sending,1770787257,0.000000,,,,true,,GET,https://qonaah.luqni.my.id/login,HTTP/2.0,default,,200,,tls1.3,https://qonaah.luqni.my.id/login,,
http_req_waiting,1770787257,48.088600,,,,true,,GET,https://qonaah.luqni.my.id/login,HTTP/2.0,default,,200,,tls1.3,https://qonaah.luqni.my.id/login,,
http_req_receiving,1770787257,1.178300,,,,true,,GET,https://qonaah.luqni.my.id/login,HTTP/2.0,default,,200,,tls1.3,https://qonaah.luqni.my.id/login,,
http_req_failed,1770787257,0.000000,,,,true,,GET,https://qonaah.luqni.my.id/login,HTTP/2.0,default,,200,,tls1.3,https://qonaah.luqni.my.id/login,,
checks,1770787257,1.000000,status is 200,,,,,,,,default,,,,,,,
vus,1770787257,1.000000,,,,,,,,,,,,,,,,
vus_max,1770787257,1.000000,,,,,,,,,,,,,,,,
data_sent,1770787258,739.000000,,,,,,,,,default,,,,,,,
data_received,1770787258,11960.000000,,,,,,,,,default,,,,,,,
iteration_duration,1770787258,1109.314900,,,,,,,,,default,,,,,,,
iterations,1770787258,1.000000,,,,,,,,,default,,,,,,,
vus,1770787258,1.000000,,,,,,,,,,,,,,,,
vus_max,1770787258,1.000000,,,,,,,,,,,,,,,,
http_reqs,1770787258,1.000000,,,,true,,GET,https://qonaah.luqni.my.id/dashboard,HTTP/2.0,default,,302,,tls1.3,https://qonaah.luqni.my.id/dashboard,,
http_req_duration,1770787258,44.988900,,,,true,,GET,https://qonaah.luqni.my.id/dashboard,HTTP/2.0,default,,302,,tls1.3,https://qonaah.luqni.my.id/dashboard,,
http_req_blocked,1770787258,0.000000,,,,true,,GET,https://qonaah.luqni.my.id/dashboard,HTTP/2.0,default,,302,,tls1.3,https://qonaah.luqni.my.id/dashboard,,
http_req_connecting,1770787258,0.000000,,,,true,,GET,https://qonaah.luqni.my.id/dashboard,HTTP/2.0,default,,302,,tls1.3,https://qonaah.luqni.my.id/dashboard,,
http_req_tls_handshaking,1770787258,0.000000,,,,true,,GET,https://qonaah.luqni.my.id/dashboard,HTTP/2.0,default,,302,,tls1.3,https://qonaah.luqni.my.id/dashboard,,
http_req_sending,1770787258,0.000000,,,,true,,GET,https://qonaah.luqni.my.id/dashboard,HTTP/2.0,default,,302,,tls1.3,https://qonaah.luqni.my.id/dashboard,,
http_req_waiting,1770787258,44.048300,,,,true,,GET,https://qonaah.luqni.my.id/dashboard,HTTP/2.0,default,,302,,tls1.3,https://qonaah.luqni.my.id/dashboard,,
http_req_receiving,1770787258,0.940600,,,,true,,GET,https://qonaah.luqni.my.id/dashboard,HTTP/2.0,default,,302,,tls1.3,https://qonaah.luqni.my.id/dashboard,,
http_req_failed,1770787258,0.000000,,,,true,,GET,https://qonaah.luqni.my.id/dashboard,HTTP/2.0,default,,302,,tls1.3,https://qonaah.luqni.my.id/dashboard,,
http_reqs,1770787258,1.000000,,,,true,,GET,https://qonaah.luqni.my.id/login,HTTP/2.0,default,,200,,tls1.3,https://qonaah.luqni.my.id/login,,
http_req_duration,1770787258,47.738100,,,,true,,GET,https://qonaah.luqni.my.id/login,HTTP/2.0,default,,200,,tls1.3,https://qonaah.luqni.my.id/login,,
http_req_blocked,1770787258,0.000000,,,,true,,GET,https://qonaah.luqni.my.id/login,HTTP/2.0,default,,200,,tls1.3,https://qonaah.luqni.my.id/login,,
http_req_connecting,1770787258,0.000000,,,,true,,GET,https://qonaah.luqni.my.id/login,HTTP/2.0,default,,200,,tls1.3,https://qonaah.luqni.my.id/login,,
http_req_tls_handshaking,1770787258,0.000000,,,,true,,GET,https://qonaah.luqni.my.id/login,HTTP/2.0,default,,200,,tls1.3,https://qonaah.luqni.my.id/login,,
http_req_sending,1770787258,0.000000,,,,true,,GET,https://qonaah.luqni.my.id/login,HTTP/2.0,default,,200,,tls1.3,https://qonaah.luqni.my.id/login,,
http_req_waiting,1770787258,46.934400,,,,true,,GET,https://qonaah.luqni.my.id/login,HTTP/2.0,default,,200,,tls1.3,https://qonaah.luqni.my.id/login,,
http_req_receiving,1770787258,0.803700,,,,true,,GET,https://qonaah.luqni.my.id/login,HTTP/2.0,default,,200,,tls1.3,https://qonaah.luqni.my.id/login,,
http_req_failed,1770787258,0.000000,,,,true,,GET,https://qonaah.luqni.my.id/login,HTTP/2.0,default,,200,,tls1.3,https://qonaah.luqni.my.id/login,,
checks,1770787258,1.000000,status is 200,,,,,,,,default,,,,,,,
vus,1770787259,1.000000,,,,,,,,,,,,,,,,
vus_max,1770787259,1.000000,,,,,,,,,,,,,,,,
data_sent,1770787259,707.000000,,,,,,,,,default,,,,,,,
data_received,1770787259,12140.000000,,,,,,,,,default,,,,,,,
iteration_duration,1770787259,1102.562700,,,,,,,,,default,,,,,,,
iterations,1770787259,1.000000,,,,,,,,,default,,,,,,,
http_reqs,1770787259,1.000000,,,,true,,GET,https://qonaah.luqni.my.id/dashboard,HTTP/2.0,default,,302,,tls1.3,https://qonaah.luqni.my.id/dashboard,,
http_req_duration,1770787259,47.756900,,,,true,,GET,https://qonaah.luqni.my.id/dashboard,HTTP/2.0,default,,302,,tls1.3,https://qonaah.luqni.my.id/dashboard,,
http_req_blocked,1770787259,0.000000,,,,true,,GET,https://qonaah.luqni.my.id/dashboard,HTTP/2.0,default,,302,,tls1.3,https://qonaah.luqni.my.id/dashboard,,
http_req_connecting,1770787259,0.000000,,,,true,,GET,https://qonaah.luqni.my.id/dashboard,HTTP/2.0,default,,302,,tls1.3,https://qonaah.luqni.my.id/dashboard,,
http_req_tls_handshaking,1770787259,0.000000,,,,true,,GET,https://qonaah.luqni.my.id/dashboard,HTTP/2.0,default,,302,,tls1.3,https://qonaah.luqni.my.id/dashboard,,
http_req_sending,1770787259,0.000000,,,,true,,GET,https://qonaah.luqni.my.id/dashboard,HTTP/2.0,default,,302,,tls1.3,https://qonaah.luqni.my.id/dashboard,,
http_req_waiting,1770787259,47.469000,,,,true,,GET,https://qonaah.luqni.my.id/dashboard,HTTP/2.0,default,,302,,tls1.3,https://qonaah.luqni.my.id/dashboard,,
http_req_receiving,1770787259,0.287900,,,,true,,GET,https://qonaah.luqni.my.id/dashboard,HTTP/2.0,default,,302,,tls1.3,https://qonaah.luqni.my.id/dashboard,,
http_req_failed,1770787259,0.000000,,,,true,,GET,https://qonaah.luqni.my.id/dashboard,HTTP/2.0,default,,302,,tls1.3,https://qonaah.luqni.my.id/dashboard,,
http_reqs,1770787259,1.000000,,,,true,,GET,https://qonaah.luqni.my.id/login,HTTP/2.0,default,,200,,tls1.3,https://qonaah.luqni.my.id/login,,
http_req_duration,1770787259,44.665500,,,,true,,GET,https://qonaah.luqni.my.id/login,HTTP/2.0,default,,200,,tls1.3,https://qonaah.luqni.my.id/login,,
http_req_blocked,1770787259,0.000000,,,,true,,GET,https://qonaah.luqni.my.id/login,HTTP/2.0,default,,200,,tls1.3,https://qonaah.luqni.my.id/login,,
http_req_connecting,1770787259,0.000000,,,,true,,GET,https://qonaah.luqni.my.id/login,HTTP/2.0,default,,200,,tls1.3,https://qonaah.luqni.my.id/login,,
http_req_tls_handshaking,1770787259,0.000000,,,,true,,GET,https://qonaah.luqni.my.id/login,HTTP/2.0,default,,200,,tls1.3,https://qonaah.luqni.my.id/login,,
http_req_sending,1770787259,0.000000,,,,true,,GET,https://qonaah.luqni.my.id/login,HTTP/2.0,default,,200,,tls1.3,https://qonaah.luqni.my.id/login,,
http_req_waiting,1770787259,43.399900,,,,true,,GET,https://qonaah.luqni.my.id/login,HTTP/2.0,default,,200,,tls1.3,https://qonaah.luqni.my.id/login,,
http_req_receiving,1770787259,1.265600,,,,true,,GET,https://qonaah.luqni.my.id/login,HTTP/2.0,default,,200,,tls1.3,https://qonaah.luqni.my.id/login,,
http_req_failed,1770787259,0.000000,,,,true,,GET,https://qonaah.luqni.my.id/login,HTTP/2.0,default,,200,,tls1.3,https://qonaah.luqni.my.id/login,,
checks,1770787259,1.000000,status is 200,,,,,,,,default,,,,,,,
vus,1770787260,1.000000,,,,,,,,,,,,,,,,
vus_max,1770787260,1.000000,,,,,,,,,,,,,,,,
data_sent,1770787260,705.000000,,,,,,,,,default,,,,,,,
data_received,1770787260,12119.000000,,,,,,,,,default,,,,,,,
iteration_duration,1770787260,1102.185800,,,,,,,,,default,,,,,,,
iterations,1770787260,1.000000,,,,,,,,,default,,,,,,,
http_reqs,1770787260,1.000000,,,,true,,GET,https://qonaah.luqni.my.id/dashboard,HTTP/2.0,default,,302,,tls1.3,https://qonaah.luqni.my.id/dashboard,,
http_req_duration,1770787260,47.274700,,,,true,,GET,https://qonaah.luqni.my.id/dashboard,HTTP/2.0,default,,302,,tls1.3,https://qonaah.luqni.my.id/dashboard,,
http_req_blocked,1770787260,0.000000,,,,true,,GET,https://qonaah.luqni.my.id/dashboard,HTTP/2.0,default,,302,,tls1.3,https://qonaah.luqni.my.id/dashboard,,
http_req_connecting,1770787260,0.000000,,,,true,,GET,https://qonaah.luqni.my.id/dashboard,HTTP/2.0,default,,302,,tls1.3,https://qonaah.luqni.my.id/dashboard,,
http_req_tls_handshaking,1770787260,0.000000,,,,true,,GET,https://qonaah.luqni.my.id/dashboard,HTTP/2.0,default,,302,,tls1.3,https://qonaah.luqni.my.id/dashboard,,
http_req_sending,1770787260,0.000000,,,,true,,GET,https://qonaah.luqni.my.id/dashboard,HTTP/2.0,default,,302,,tls1.3,https://qonaah.luqni.my.id/dashboard,,
http_req_waiting,1770787260,46.421300,,,,true,,GET,https://qonaah.luqni.my.id/dashboard,HTTP/2.0,default,,302,,tls1.3,https://qonaah.luqni.my.id/dashboard,,
http_req_receiving,1770787260,0.853400,,,,true,,GET,https://qonaah.luqni.my.id/dashboard,HTTP/2.0,default,,302,,tls1.3,https://qonaah.luqni.my.id/dashboard,,
http_req_failed,1770787260,0.000000,,,,true,,GET,https://qonaah.luqni.my.id/dashboard,HTTP/2.0,default,,302,,tls1.3,https://qonaah.luqni.my.id/dashboard,,
http_reqs,1770787260,1.000000,,,,true,,GET,https://qonaah.luqni.my.id/login,HTTP/2.0,default,,200,,tls1.3,https://qonaah.luqni.my.id/login,,
http_req_duration,1770787260,45.764600,,,,true,,GET,https://qonaah.luqni.my.id/login,HTTP/2.0,default,,200,,tls1.3,https://qonaah.luqni.my.id/login,,
http_req_blocked,1770787260,0.000000,,,,true,,GET,https://qonaah.luqni.my.id/login,HTTP/2.0,default,,200,,tls1.3,https://qonaah.luqni.my.id/login,,
http_req_connecting,1770787260,0.000000,,,,true,,GET,https://qonaah.luqni.my.id/login,HTTP/2.0,default,,200,,tls1.3,https://qonaah.luqni.my.id/login,,
http_req_tls_handshaking,1770787260,0.000000,,,,true,,GET,https://qonaah.luqni.my.id/login,HTTP/2.0,default,,200,,tls1.3,https://qonaah.luqni.my.id/login,,
http_req_sending,1770787260,0.000000,,,,true,,GET,https://qonaah.luqni.my.id/login,HTTP/2.0,default,,200,,tls1.3,https://qonaah.luqni.my.id/login,,
http_req_waiting,1770787260,43.397000,,,,true,,GET,https://qonaah.luqni.my.id/login,HTTP/2.0,default,,200,,tls1.3,https://qonaah.luqni.my.id/login,,
http_req_receiving,1770787260,2.367600,,,,true,,GET,https://qonaah.luqni.my.id/login,HTTP/2.0,default,,200,,tls1.3,https://qonaah.luqni.my.id/login,,
http_req_failed,1770787260,0.000000,,,,true,,GET,https://qonaah.luqni.my.id/login,HTTP/2.0,default,,200,,tls1.3,https://qonaah.luqni.my.id/login,,
checks,1770787260,1.000000,status is 200,,,,,,,,default,,,,,,,
vus,1770787261,1.000000,,,,,,,,,,,,,,,,
vus_max,1770787261,1.000000,,,,,,,,,,,,,,,,
data_sent,1770787261,754.000000,,,,,,,,,default,,,,,,,
data_received,1770787261,11982.000000,,,,,,,,,default,,,,,,,
iteration_duration,1770787261,1101.784300,,,,,,,,,default,,,,,,,
iterations,1770787261,1.000000,,,,,,,,,default,,,,,,,
http_reqs,1770787261,1.000000,,,,true,,GET,https://qonaah.luqni.my.id/dashboard,HTTP/2.0,default,,302,,tls1.3,https://qonaah.luqni.my.id/dashboard,,
http_req_duration,1770787261,47.473500,,,,true,,GET,https://qonaah.luqni.my.id/dashboard,HTTP/2.0,default,,302,,tls1.3,https://qonaah.luqni.my.id/dashboard,,
http_req_blocked,1770787261,0.000000,,,,true,,GET,https://qonaah.luqni.my.id/dashboard,HTTP/2.0,default,,302,,tls1.3,https://qonaah.luqni.my.id/dashboard,,
http_req_connecting,1770787261,0.000000,,,,true,,GET,https://qonaah.luqni.my.id/dashboard,HTTP/2.0,default,,302,,tls1.3,https://qonaah.luqni.my.id/dashboard,,
http_req_tls_handshaking,1770787261,0.000000,,,,true,,GET,https://qonaah.luqni.my.id/dashboard,HTTP/2.0,default,,302,,tls1.3,https://qonaah.luqni.my.id/dashboard,,
http_req_sending,1770787261,0.000000,,,,true,,GET,https://qonaah.luqni.my.id/dashboard,HTTP/2.0,default,,302,,tls1.3,https://qonaah.luqni.my.id/dashboard,,
http_req_waiting,1770787261,47.154400,,,,true,,GET,https://qonaah.luqni.my.id/dashboard,HTTP/2.0,default,,302,,tls1.3,https://qonaah.luqni.my.id/dashboard,,
http_req_receiving,1770787261,0.319100,,,,true,,GET,https://qonaah.luqni.my.id/dashboard,HTTP/2.0,default,,302,,tls1.3,https://qonaah.luqni.my.id/dashboard,,
http_req_failed,1770787261,0.000000,,,,true,,GET,https://qonaah.luqni.my.id/dashboard,HTTP/2.0,default,,302,,tls1.3,https://qonaah.luqni.my.id/dashboard,,
http_reqs,1770787261,1.000000,,,,true,,GET,https://qonaah.luqni.my.id/login,HTTP/2.0,default,,200,,tls1.3,https://qonaah.luqni.my.id/login,,
http_req_duration,1770787261,44.900100,,,,true,,GET,https://qonaah.luqni.my.id/login,HTTP/2.0,default,,200,,tls1.3,https://qonaah.luqni.my.id/login,,
http_req_blocked,1770787261,0.000000,,,,true,,GET,https://qonaah.luqni.my.id/login,HTTP/2.0,default,,200,,tls1.3,https://qonaah.luqni.my.id/login,,
http_req_connecting,1770787261,0.000000,,,,true,,GET,https://qonaah.luqni.my.id/login,HTTP/2.0,default,,200,,tls1.3,https://qonaah.luqni.my.id/login,,
http_req_tls_handshaking,1770787261,0.000000,,,,true,,GET,https://qonaah.luqni.my.id/login,HTTP/2.0,default,,200,,tls1.3,https://qonaah.luqni.my.id/login,,
http_req_sending,1770787261,0.000000,,,,true,,GET,https://qonaah.luqni.my.id/login,HTTP/2.0,default,,200,,tls1.3,https://qonaah.luqni.my.id/login,,
http_req_waiting,1770787261,43.432700,,,,true,,GET,https://qonaah.luqni.my.id/login,HTTP/2.0,default,,200,,tls1.3,https://qonaah.luqni.my.id/login,,
http_req_receiving,1770787261,1.467400,,,,true,,GET,https://qonaah.luqni.my.id/login,HTTP/2.0,default,,200,,tls1.3,https://qonaah.luqni.my.id/login,,
http_req_failed,1770787261,0.000000,,,,true,,GET,https://qonaah.luqni.my.id/login,HTTP/2.0,default,,200,,tls1.3,https://qonaah.luqni.my.id/login,,
checks,1770787261,1.000000,status is 200,,,,,,,,default,,,,,,,
vus,1770787262,1.000000,,,,,,,,,,,,,,,,
vus_max,1770787262,1.000000,,,,,,,,,,,,,,,,
data_sent,1770787262,785.000000,,,,,,,,,default,,,,,,,
data_received,1770787262,12128.000000,,,,,,,,,default,,,,,,,
iteration_duration,1770787262,1092.879700,,,,,,,,,default,,,,,,,
iterations,1770787262,1.000000,,,,,,,,,default,,,,,,,
http_reqs,1770787262,1.000000,,,,true,,GET,https://qonaah.luqni.my.id/dashboard,HTTP/2.0,default,,302,,tls1.3,https://qonaah.luqni.my.id/dashboard,,
http_req_duration,1770787262,49.058000,,,,true,,GET,https://qonaah.luqni.my.id/dashboard,HTTP/2.0,default,,302,,tls1.3,https://qonaah.luqni.my.id/dashboard,,
http_req_blocked,1770787262,0.000000,,,,true,,GET,https://qonaah.luqni.my.id/dashboard,HTTP/2.0,default,,302,,tls1.3,https://qonaah.luqni.my.id/dashboard,,
http_req_connecting,1770787262,0.000000,,,,true,,GET,https://qonaah.luqni.my.id/dashboard,HTTP/2.0,default,,302,,tls1.3,https://qonaah.luqni.my.id/dashboard,,
http_req_tls_handshaking,1770787262,0.000000,,,,true,,GET,https://qonaah.luqni.my.id/dashboard,HTTP/2.0,default,,302,,tls1.3,https://qonaah.luqni.my.id/dashboard,,
http_req_sending,1770787262,0.000000,,,,true,,GET,https://qonaah.luqni.my.id/dashboard,HTTP/2.0,default,,302,,tls1.3,https://qonaah.luqni.my.id/dashboard,,
http_req_waiting,1770787262,48.540300,,,,true,,GET,https://qonaah.luqni.my.id/dashboard,HTTP/2.0,default,,302,,tls1.3,https://qonaah.luqni.my.id/dashboard,,
http_req_receiving,1770787262,0.517700,,,,true,,GET,https://qonaah.luqni.my.id/dashboard,HTTP/2.0,default,,302,,tls1.3,https://qonaah.luqni.my.id/dashboard,,
http_req_failed,1770787262,0.000000,,,,true,,GET,https://qonaah.luqni.my.id/dashboard,HTTP/2.0,default,,302,,tls1.3,https://qonaah.luqni.my.id/dashboard,,
http_reqs,1770787263,1.000000,,,,true,,GET,https://qonaah.luqni.my.id/login,HTTP/2.0,default,,200,,tls1.3,https://qonaah.luqni.my.id/login,,
http_req_duration,1770787263,44.273500,,,,true,,GET,https://qonaah.luqni.my.id/login,HTTP/2.0,default,,200,,tls1.3,https://qonaah.luqni.my.id/login,,
http_req_blocked,1770787263,0.000000,,,,true,,GET,https://qonaah.luqni.my.id/login,HTTP/2.0,default,,200,,tls1.3,https://qonaah.luqni.my.id/login,,
http_req_connecting,1770787263,0.000000,,,,true,,GET,https://qonaah.luqni.my.id/login,HTTP/2.0,default,,200,,tls1.3,https://qonaah.luqni.my.id/login,,
http_req_tls_handshaking,1770787263,0.000000,,,,true,,GET,https://qonaah.luqni.my.id/login,HTTP/2.0,default,,200,,tls1.3,https://qonaah.luqni.my.id/login,,
http_req_sending,1770787263,0.000000,,,,true,,GET,https://qonaah.luqni.my.id/login,HTTP/2.0,default,,200,,tls1.3,https://qonaah.luqni.my.id/login,,
http_req_waiting,1770787263,42.434900,,,,true,,GET,https://qonaah.luqni.my.id/login,HTTP/2.0,default,,200,,tls1.3,https://qonaah.luqni.my.id/login,,
http_req_receiving,1770787263,1.838600,,,,true,,GET,https://qonaah.luqni.my.id/login,HTTP/2.0,default,,200,,tls1.3,https://qonaah.luqni.my.id/login,,
http_req_failed,1770787263,0.000000,,,,true,,GET,https://qonaah.luqni.my.id/login,HTTP/2.0,default,,200,,tls1.3,https://qonaah.luqni.my.id/login,,
checks,1770787263,1.000000,status is 200,,,,,,,,default,,,,,,,
vus,1770787263,1.000000,,,,,,,,,,,,,,,,
vus_max,1770787263,1.000000,,,,,,,,,,,,,,,,
data_sent,1770787264,707.000000,,,,,,,,,default,,,,,,,
data_received,1770787264,12171.000000,,,,,,,,,default,,,,,,,
iteration_duration,1770787264,1106.015500,,,,,,,,,default,,,,,,,
iterations,1770787264,1.000000,,,,,,,,,default,,,,,,,
http_reqs,1770787264,1.000000,,,,true,,GET,https://qonaah.luqni.my.id/dashboard,HTTP/2.0,default,,302,,tls1.3,https://qonaah.luqni.my.id/dashboard,,
http_req_duration,1770787264,43.284400,,,,true,,GET,https://qonaah.luqni.my.id/dashboard,HTTP/2.0,default,,302,,tls1.3,https://qonaah.luqni.my.id/dashboard,,
http_req_blocked,1770787264,0.000000,,,,true,,GET,https://qonaah.luqni.my.id/dashboard,HTTP/2.0,default,,302,,tls1.3,https://qonaah.luqni.my.id/dashboard,,
http_req_connecting,1770787264,0.000000,,,,true,,GET,https://qonaah.luqni.my.id/dashboard,HTTP/2.0,default,,302,,tls1.3,https://qonaah.luqni.my.id/dashboard,,
http_req_tls_handshaking,1770787264,0.000000,,,,true,,GET,https://qonaah.luqni.my.id/dashboard,HTTP/2.0,default,,302,,tls1.3,https://qonaah.luqni.my.id/dashboard,,
http_req_sending,1770787264,0.000000,,,,true,,GET,https://qonaah.luqni.my.id/dashboard,HTTP/2.0,default,,302,,tls1.3,https://qonaah.luqni.my.id/dashboard,,
http_req_waiting,1770787264,42.401600,,,,true,,GET,https://qonaah.luqni.my.id/dashboard,HTTP/2.0,default,,302,,tls1.3,https://qonaah.luqni.my.id/dashboard,,
http_req_receiving,1770787264,0.882800,,,,true,,GET,https://qonaah.luqni.my.id/dashboard,HTTP/2.0,default,,302,,tls1.3,https://qonaah.luqni.my.id/dashboard,,
http_req_failed,1770787264,0.000000,,,,true,,GET,https://qonaah.luqni.my.id/dashboard,HTTP/2.0,default,,302,,tls1.3,https://qonaah.luqni.my.id/dashboard,,
http_reqs,1770787264,1.000000,,,,true,,GET,https://qonaah.luqni.my.id/login,HTTP/2.0,default,,200,,tls1.3,https://qonaah.luqni.my.id/login,,
http_req_duration,1770787264,46.142900,,,,true,,GET,https://qonaah.luqni.my.id/login,HTTP/2.0,default,,200,,tls1.3,https://qonaah.luqni.my.id/login,,
http_req_blocked,1770787264,0.000000,,,,true,,GET,https://qonaah.luqni.my.id/login,HTTP/2.0,default,,200,,tls1.3,https://qonaah.luqni.my.id/login,,
http_req_connecting,1770787264,0.000000,,,,true,,GET,https://qonaah.luqni.my.id/login,HTTP/2.0,default,,200,,tls1.3,https://qonaah.luqni.my.id/login,,
http_req_tls_handshaking,1770787264,0.000000,,,,true,,GET,https://qonaah.luqni.my.id/login,HTTP/2.0,default,,200,,tls1.3,https://qonaah.luqni.my.id/login,,
http_req_sending,1770787264,0.000000,,,,true,,GET,https://qonaah.luqni.my.id/login,HTTP/2.0,default,,200,,tls1.3,https://qonaah.luqni.my.id/login,,
http_req_waiting,1770787264,44.392900,,,,true,,GET,https://qonaah.luqni.my.id/login,HTTP/2.0,default,,200,,tls1.3,https://qonaah.luqni.my.id/login,,
http_req_receiving,1770787264,1.750000,,,,true,,GET,https://qonaah.luqni.my.id/login,HTTP/2.0,default,,200,,tls1.3,https://qonaah.luqni.my.id/login,,
http_req_failed,1770787264,0.000000,,,,true,,GET,https://qonaah.luqni.my.id/login,HTTP/2.0,default,,200,,tls1.3,https://qonaah.luqni.my.id/login,,
checks,1770787264,1.000000,status is 200,,,,,,,,default,,,,,,,
vus,1770787264,1.000000,,,,,,,,,,,,,,,,
vus_max,1770787264,1.000000,,,,,,,,,,,,,,,,
data_sent,1770787265,703.000000,,,,,,,,,default,,,,,,,
data_received,1770787265,11938.000000,,,,,,,,,default,,,,,,,
iteration_duration,1770787265,1090.800800,,,,,,,,,default,,,,,,,
iterations,1770787265,1.000000,,,,,,,,,default,,,,,,,
http_reqs,1770787265,1.000000,,,,true,,GET,https://qonaah.luqni.my.id/dashboard,HTTP/2.0,default,,302,,tls1.3,https://qonaah.luqni.my.id/dashboard,,
http_req_duration,1770787265,46.003800,,,,true,,GET,https://qonaah.luqni.my.id/dashboard,HTTP/2.0,default,,302,,tls1.3,https://qonaah.luqni.my.id/dashboard,,
http_req_blocked,1770787265,0.000000,,,,true,,GET,https://qonaah.luqni.my.id/dashboard,HTTP/2.0,default,,302,,tls1.3,https://qonaah.luqni.my.id/dashboard,,
http_req_connecting,1770787265,0.000000,,,,true,,GET,https://qonaah.luqni.my.id/dashboard,HTTP/2.0,default,,302,,tls1.3,https://qonaah.luqni.my.id/dashboard,,
http_req_tls_handshaking,1770787265,0.000000,,,,true,,GET,https://qonaah.luqni.my.id/dashboard,HTTP/2.0,default,,302,,tls1.3,https://qonaah.luqni.my.id/dashboard,,
http_req_sending,1770787265,0.000000,,,,true,,GET,https://qonaah.luqni.my.id/dashboard,HTTP/2.0,default,,302,,tls1.3,https://qonaah.luqni.my.id/dashboard,,
http_req_waiting,1770787265,45.023800,,,,true,,GET,https://qonaah.luqni.my.id/dashboard,HTTP/2.0,default,,302,,tls1.3,https://qonaah.luqni.my.id/dashboard,,
http_req_receiving,1770787265,0.980000,,,,true,,GET,https://qonaah.luqni.my.id/dashboard,HTTP/2.0,default,,302,,tls1.3,https://qonaah.luqni.my.id/dashboard,,
http_req_failed,1770787265,0.000000,,,,true,,GET,https://qonaah.luqni.my.id/dashboard,HTTP/2.0,default,,302,,tls1.3,https://qonaah.luqni.my.id/dashboard,,
http_reqs,1770787265,1.000000,,,,true,,GET,https://qonaah.luqni.my.id/login,HTTP/2.0,default,,200,,tls1.3,https://qonaah.luqni.my.id/login,,
http_req_duration,1770787265,51.075200,,,,true,,GET,https://qonaah.luqni.my.id/login,HTTP/2.0,default,,200,,tls1.3,https://qonaah.luqni.my.id/login,,
http_req_blocked,1770787265,0.000000,,,,true,,GET,https://qonaah.luqni.my.id/login,HTTP/2.0,default,,200,,tls1.3,https://qonaah.luqni.my.id/login,,
http_req_connecting,1770787265,0.000000,,,,true,,GET,https://qonaah.luqni.my.id/login,HTTP/2.0,default,,200,,tls1.3,https://qonaah.luqni.my.id/login,,
http_req_tls_handshaking,1770787265,0.000000,,,,true,,GET,https://qonaah.luqni.my.id/login,HTTP/2.0,default,,200,,tls1.3,https://qonaah.luqni.my.id/login,,
http_req_sending,1770787265,0.650300,,,,true,,GET,https://qonaah.luqni.my.id/login,HTTP/2.0,default,,200,,tls1.3,https://qonaah.luqni.my.id/login,,
http_req_waiting,1770787265,47.050800,,,,true,,GET,https://qonaah.luqni.my.id/login,HTTP/2.0,default,,200,,tls1.3,https://qonaah.luqni.my.id/login,,
http_req_receiving,1770787265,3.374100,,,,true,,GET,https://qonaah.luqni.my.id/login,HTTP/2.0,default,,200,,tls1.3,https://qonaah.luqni.my.id/login,,
http_req_failed,1770787265,0.000000,,,,true,,GET,https://qonaah.luqni.my.id/login,HTTP/2.0,default,,200,,tls1.3,https://qonaah.luqni.my.id/login,,
checks,1770787265,1.000000,status is 200,,,,,,,,default,,,,,,,
vus,1770787265,1.000000,,,,,,,,,,,,,,,,
vus_max,1770787265,1.000000,,,,,,,,,,,,,,,,
data_sent,1770787266,707.000000,,,,,,,,,default,,,,,,,
data_received,1770787266,12133.000000,,,,,,,,,default,,,,,,,
iteration_duration,1770787266,1112.306100,,,,,,,,,default,,,,,,,
iterations,1770787266,1.000000,,,,,,,,,default,,,,,,,
http_reqs,1770787266,1.000000,,,,true,,GET,https://qonaah.luqni.my.id/dashboard,HTTP/2.0,default,,302,,tls1.3,https://qonaah.luqni.my.id/dashboard,,
http_req_duration,1770787266,48.152300,,,,true,,GET,https://qonaah.luqni.my.id/dashboard,HTTP/2.0,default,,302,,tls1.3,https://qonaah.luqni.my.id/dashboard,,
http_req_blocked,1770787266,0.000000,,,,true,,GET,https://qonaah.luqni.my.id/dashboard,HTTP/2.0,default,,302,,tls1.3,https://qonaah.luqni.my.id/dashboard,,
http_req_connecting,1770787266,0.000000,,,,true,,GET,https://qonaah.luqni.my.id/dashboard,HTTP/2.0,default,,302,,tls1.3,https://qonaah.luqni.my.id/dashboard,,
http_req_tls_handshaking,1770787266,0.000000,,,,true,,GET,https://qonaah.luqni.my.id/dashboard,HTTP/2.0,default,,302,,tls1.3,https://qonaah.luqni.my.id/dashboard,,
http_req_sending,1770787266,0.000000,,,,true,,GET,https://qonaah.luqni.my.id/dashboard,HTTP/2.0,default,,302,,tls1.3,https://qonaah.luqni.my.id/dashboard,,
http_req_waiting,1770787266,47.973500,,,,true,,GET,https://qonaah.luqni.my.id/dashboard,HTTP/2.0,default,,302,,tls1.3,https://qonaah.luqni.my.id/dashboard,,
http_req_receiving,1770787266,0.178800,,,,true,,GET,https://qonaah.luqni.my.id/dashboard,HTTP/2.0,default,,302,,tls1.3,https://qonaah.luqni.my.id/dashboard,,
http_req_failed,1770787266,0.000000,,,,true,,GET,https://qonaah.luqni.my.id/dashboard,HTTP/2.0,default,,302,,tls1.3,https://qonaah.luqni.my.id/dashboard,,
http_reqs,1770787266,1.000000,,,,true,,GET,https://qonaah.luqni.my.id/login,HTTP/2.0,default,,200,,tls1.3,https://qonaah.luqni.my.id/login,,
http_req_duration,1770787266,45.035600,,,,true,,GET,https://qonaah.luqni.my.id/login,HTTP/2.0,default,,200,,tls1.3,https://qonaah.luqni.my.id/login,,
http_req_blocked,1770787266,0.000000,,,,true,,GET,https://qonaah.luqni.my.id/login,HTTP/2.0,default,,200,,tls1.3,https://qonaah.luqni.my.id/login,,
http_req_connecting,1770787266,0.000000,,,,true,,GET,https://qonaah.luqni.my.id/login,HTTP/2.0,default,,200,,tls1.3,https://qonaah.luqni.my.id/login,,
http_req_tls_handshaking,1770787266,0.000000,,,,true,,GET,https://qonaah.luqni.my.id/login,HTTP/2.0,default,,200,,tls1.3,https://qonaah.luqni.my.id/login,,
http_req_sending,1770787266,0.000000,,,,true,,GET,https://qonaah.luqni.my.id/login,HTTP/2.0,default,,200,,tls1.3,https://qonaah.luqni.my.id/login,,
http_req_waiting,1770787266,43.464400,,,,true,,GET,https://qonaah.luqni.my.id/login,HTTP/2.0,default,,200,,tls1.3,https://qonaah.luqni.my.id/login,,
http_req_receiving,1770787266,1.571200,,,,true,,GET,https://qonaah.luqni.my.id/login,HTTP/2.0,default,,200,,tls1.3,https://qonaah.luqni.my.id/login,,
http_req_failed,1770787266,0.000000,,,,true,,GET,https://qonaah.luqni.my.id/login,HTTP/2.0,default,,200,,tls1.3,https://qonaah.luqni.my.id/login,,
checks,1770787266,1.000000,status is 200,,,,,,,,default,,,,,,,
vus,1770787266,1.000000,,,,,,,,,,,,,,,,
vus_max,1770787266,1.000000,,,,,,,,,,,,,,,,
data_sent,1770787267,755.000000,,,,,,,,,default,,,,,,,
data_received,1770787267,12117.000000,,,,,,,,,default,,,,,,,
iteration_duration,1770787267,1106.527000,,,,,,,,,default,,,,,,,
iterations,1770787267,1.000000,,,,,,,,,default,,,,,,,
http_reqs,1770787267,1.000000,,,,true,,GET,https://qonaah.luqni.my.id/dashboard,HTTP/2.0,default,,302,,tls1.3,https://qonaah.luqni.my.id/dashboard,,
http_req_duration,1770787267,47.884600,,,,true,,GET,https://qonaah.luqni.my.id/dashboard,HTTP/2.0,default,,302,,tls1.3,https://qonaah.luqni.my.id/dashboard,,
http_req_blocked,1770787267,0.000000,,,,true,,GET,https://qonaah.luqni.my.id/dashboard,HTTP/2.0,default,,302,,tls1.3,https://qonaah.luqni.my.id/dashboard,,
http_req_connecting,1770787267,0.000000,,,,true,,GET,https://qonaah.luqni.my.id/dashboard,HTTP/2.0,default,,302,,tls1.3,https://qonaah.luqni.my.id/dashboard,,
http_req_tls_handshaking,1770787267,0.000000,,,,true,,GET,https://qonaah.luqni.my.id/dashboard,HTTP/2.0,default,,302,,tls1.3,https://qonaah.luqni.my.id/dashboard,,
http_req_sending,1770787267,0.000000,,,,true,,GET,https://qonaah.luqni.my.id/dashboard,HTTP/2.0,default,,302,,tls1.3,https://qonaah.luqni.my.id/dashboard,,
http_req_waiting,1770787267,47.326500,,,,true,,GET,https://qonaah.luqni.my.id/dashboard,HTTP/2.0,default,,302,,tls1.3,https://qonaah.luqni.my.id/dashboard,,
http_req_receiving,1770787267,0.558100,,,,true,,GET,https://qonaah.luqni.my.id/dashboard,HTTP/2.0,default,,302,,tls1.3,https://qonaah.luqni.my.id/dashboard,,
http_req_failed,1770787267,0.000000,,,,true,,GET,https://qonaah.luqni.my.id/dashboard,HTTP/2.0,default,,302,,tls1.3,https://qonaah.luqni.my.id/dashboard,,
http_reqs,1770787267,1.000000,,,,true,,GET,https://qonaah.luqni.my.id/login,HTTP/2.0,default,,200,,tls1.3,https://qonaah.luqni.my.id/login,,
http_req_duration,1770787267,45.555500,,,,true,,GET,https://qonaah.luqni.my.id/login,HTTP/2.0,default,,200,,tls1.3,https://qonaah.luqni.my.id/login,,
http_req_blocked,1770787267,0.000000,,,,true,,GET,https://qonaah.luqni.my.id/login,HTTP/2.0,default,,200,,tls1.3,https://qonaah.luqni.my.id/login,,
http_req_connecting,1770787267,0.000000,,,,true,,GET,https://qonaah.luqni.my.id/login,HTTP/2.0,default,,200,,tls1.3,https://qonaah.luqni.my.id/login,,
http_req_tls_handshaking,1770787267,0.000000,,,,true,,GET,https://qonaah.luqni.my.id/login,HTTP/2.0,default,,200,,tls1.3,https://qonaah.luqni.my.id/login,,
http_req_sending,1770787267,0.000000,,,,true,,GET,https://qonaah.luqni.my.id/login,HTTP/2.0,default,,200,,tls1.3,https://qonaah.luqni.my.id/login,,
http_req_waiting,1770787267,44.430500,,,,true,,GET,https://qonaah.luqni.my.id/login,HTTP/2.0,default,,200,,tls1.3,https://qonaah.luqni.my.id/login,,
http_req_receiving,1770787267,1.125000,,,,true,,GET,https://qonaah.luqni.my.id/login,HTTP/2.0,default,,200,,tls1.3,https://qonaah.luqni.my.id/login,,
http_req_failed,1770787267,0.000000,,,,true,,GET,https://qonaah.luqni.my.id/login,HTTP/2.0,default,,200,,tls1.3,https://qonaah.luqni.my.id/login,,
checks,1770787267,1.000000,status is 200,,,,,,,,default,,,,,,,
vus,1770787267,1.000000,,,,,,,,,,,,,,,,
vus_max,1770787267,1.000000,,,,,,,,,,,,,,,,
data_sent,1770787268,760.000000,,,,,,,,,default,,,,,,,
data_received,1770787268,11986.000000,,,,,,,,,default,,,,,,,
iteration_duration,1770787268,1107.640600,,,,,,,,,default,,,,,,,
iterations,1770787268,1.000000,,,,,,,,,default,,,,,,,
http_reqs,1770787268,1.000000,,,,true,,GET,https://qonaah.luqni.my.id/dashboard,HTTP/2.0,default,,302,,tls1.3,https://qonaah.luqni.my.id/dashboard,,
http_req_duration,1770787268,45.913700,,,,true,,GET,https://qonaah.luqni.my.id/dashboard,HTTP/2.0,default,,302,,tls1.3,https://qonaah.luqni.my.id/dashboard,,
http_req_blocked,1770787268,0.000000,,,,true,,GET,https://qonaah.luqni.my.id/dashboard,HTTP/2.0,default,,302,,tls1.3,https://qonaah.luqni.my.id/dashboard,,
http_req_connecting,1770787268,0.000000,,,,true,,GET,https://qonaah.luqni.my.id/dashboard,HTTP/2.0,default,,302,,tls1.3,https://qonaah.luqni.my.id/dashboard,,
http_req_tls_handshaking,1770787268,0.000000,,,,true,,GET,https://qonaah.luqni.my.id/dashboard,HTTP/2.0,default,,302,,tls1.3,https://qonaah.luqni.my.id/dashboard,,
http_req_sending,1770787268,0.000000,,,,true,,GET,https://qonaah.luqni.my.id/dashboard,HTTP/2.0,default,,302,,tls1.3,https://qonaah.luqni.my.id/dashboard,,
http_req_waiting,1770787268,45.451800,,,,true,,GET,https://qonaah.luqni.my.id/dashboard,HTTP/2.0,default,,302,,tls1.3,https://qonaah.luqni.my.id/dashboard,,
http_req_receiving,1770787268,0.461900,,,,true,,GET,https://qonaah.luqni.my.id/dashboard,HTTP/2.0,default,,302,,tls1.3,https://qonaah.luqni.my.id/dashboard,,
http_req_failed,1770787268,0.000000,,,,true,,GET,https://qonaah.luqni.my.id/dashboard,HTTP/2.0,default,,302,,tls1.3,https://qonaah.luqni.my.id/dashboard,,
vus,1770787268,1.000000,,,,,,,,,,,,,,,,
vus_max,1770787268,1.000000,,,,,,,,,,,,,,,,
http_reqs,1770787268,1.000000,,,,true,,GET,https://qonaah.luqni.my.id/login,HTTP/2.0,default,,200,,tls1.3,https://qonaah.luqni.my.id/login,,
http_req_duration,1770787268,51.732800,,,,true,,GET,https://qonaah.luqni.my.id/login,HTTP/2.0,default,,200,,tls1.3,https://qonaah.luqni.my.id/login,,
http_req_blocked,1770787268,0.000000,,,,true,,GET,https://qonaah.luqni.my.id/login,HTTP/2.0,default,,200,,tls1.3,https://qonaah.luqni.my.id/login,,
http_req_connecting,1770787268,0.000000,,,,true,,GET,https://qonaah.luqni.my.id/login,HTTP/2.0,default,,200,,tls1.3,https://qonaah.luqni.my.id/login,,
http_req_tls_handshaking,1770787268,0.000000,,,,true,,GET,https://qonaah.luqni.my.id/login,HTTP/2.0,default,,200,,tls1.3,https://qonaah.luqni.my.id/login,,
http_req_sending,1770787268,0.000000,,,,true,,GET,https://qonaah.luqni.my.id/login,HTTP/2.0,default,,200,,tls1.3,https://qonaah.luqni.my.id/login,,
http_req_waiting,1770787268,51.520100,,,,true,,GET,https://qonaah.luqni.my.id/login,HTTP/2.0,default,,200,,tls1.3,https://qonaah.luqni.my.id/login,,
http_req_receiving,1770787268,0.212700,,,,true,,GET,https://qonaah.luqni.my.id/login,HTTP/2.0,default,,200,,tls1.3,https://qonaah.luqni.my.id/login,,
http_req_failed,1770787268,0.000000,,,,true,,GET,https://qonaah.luqni.my.id/login,HTTP/2.0,default,,200,,tls1.3,https://qonaah.luqni.my.id/login,,
checks,1770787268,1.000000,status is 200,,,,,,,,default,,,,,,,
vus,1770787269,1.000000,,,,,,,,,,,,,,,,
vus_max,1770787269,1.000000,,,,,,,,,,,,,,,,
data_sent,1770787269,736.000000,,,,,,,,,default,,,,,,,
data_received,1770787269,12123.000000,,,,,,,,,default,,,,,,,
iteration_duration,1770787269,1109.775900,,,,,,,,,default,,,,,,,
iterations,1770787269,1.000000,,,,,,,,,default,,,,,,,
http_reqs,1770787269,1.000000,,,,true,,GET,https://qonaah.luqni.my.id/dashboard,HTTP/2.0,default,,302,,tls1.3,https://qonaah.luqni.my.id/dashboard,,
http_req_duration,1770787269,51.355600,,,,true,,GET,https://qonaah.luqni.my.id/dashboard,HTTP/2.0,default,,302,,tls1.3,https://qonaah.luqni.my.id/dashboard,,
http_req_blocked,1770787269,0.000000,,,,true,,GET,https://qonaah.luqni.my.id/dashboard,HTTP/2.0,default,,302,,tls1.3,https://qonaah.luqni.my.id/dashboard,,
http_req_connecting,1770787269,0.000000,,,,true,,GET,https://qonaah.luqni.my.id/dashboard,HTTP/2.0,default,,302,,tls1.3,https://qonaah.luqni.my.id/dashboard,,
http_req_tls_handshaking,1770787269,0.000000,,,,true,,GET,https://qonaah.luqni.my.id/dashboard,HTTP/2.0,default,,302,,tls1.3,https://qonaah.luqni.my.id/dashboard,,
http_req_sending,1770787269,0.000000,,,,true,,GET,https://qonaah.luqni.my.id/dashboard,HTTP/2.0,default,,302,,tls1.3,https://qonaah.luqni.my.id/dashboard,,
http_req_waiting,1770787269,51.070400,,,,true,,GET,https://qonaah.luqni.my.id/dashboard,HTTP/2.0,default,,302,,tls1.3,https://qonaah.luqni.my.id/dashboard,,
http_req_receiving,1770787269,0.285200,,,,true,,GET,https://qonaah.luqni.my.id/dashboard,HTTP/2.0,default,,302,,tls1.3,https://qonaah.luqni.my.id/dashboard,,
http_req_failed,1770787269,0.000000,,,,true,,GET,https://qonaah.luqni.my.id/dashboard,HTTP/2.0,default,,302,,tls1.3,https://qonaah.luqni.my.id/dashboard,,
http_reqs,1770787269,1.000000,,,,true,,GET,https://qonaah.luqni.my.id/login,HTTP/2.0,default,,200,,tls1.3,https://qonaah.luqni.my.id/login,,
http_req_duration,1770787269,59.143500,,,,true,,GET,https://qonaah.luqni.my.id/login,HTTP/2.0,default,,200,,tls1.3,https://qonaah.luqni.my.id/login,,
http_req_blocked,1770787269,0.000000,,,,true,,GET,https://qonaah.luqni.my.id/login,HTTP/2.0,default,,200,,tls1.3,https://qonaah.luqni.my.id/login,,
http_req_connecting,1770787269,0.000000,,,,true,,GET,https://qonaah.luqni.my.id/login,HTTP/2.0,default,,200,,tls1.3,https://qonaah.luqni.my.id/login,,
http_req_tls_handshaking,1770787269,0.000000,,,,true,,GET,https://qonaah.luqni.my.id/login,HTTP/2.0,default,,200,,tls1.3,https://qonaah.luqni.my.id/login,,
http_req_sending,1770787269,0.504300,,,,true,,GET,https://qonaah.luqni.my.id/login,HTTP/2.0,default,,200,,tls1.3,https://qonaah.luqni.my.id/login,,
http_req_waiting,1770787269,52.921300,,,,true,,GET,https://qonaah.luqni.my.id/login,HTTP/2.0,default,,200,,tls1.3,https://qonaah.luqni.my.id/login,,
http_req_receiving,1770787269,5.717900,,,,true,,GET,https://qonaah.luqni.my.id/login,HTTP/2.0,default,,200,,tls1.3,https://qonaah.luqni.my.id/login,,
http_req_failed,1770787269,0.000000,,,,true,,GET,https://qonaah.luqni.my.id/login,HTTP/2.0,default,,200,,tls1.3,https://qonaah.luqni.my.id/login,,
checks,1770787269,1.000000,status is 200,,,,,,,,default,,,,,,,
vus,1770787270,1.000000,,,,,,,,,,,,,,,,
vus_max,1770787270,1.000000,,,,,,,,,,,,,,,,
data_sent,1770787270,707.000000,,,,,,,,,default,,,,,,,
data_received,1770787270,12164.000000,,,,,,,,,default,,,,,,,
iteration_duration,1770787270,1117.232200,,,,,,,,,default,,,,,,,
iterations,1770787270,1.000000,,,,,,,,,default,,,,,,,
http_reqs,1770787270,1.000000,,,,true,,GET,https://qonaah.luqni.my.id/dashboard,HTTP/2.0,default,,302,,tls1.3,https://qonaah.luqni.my.id/dashboard,,
http_req_duration,1770787270,51.995100,,,,true,,GET,https://qonaah.luqni.my.id/dashboard,HTTP/2.0,default,,302,,tls1.3,https://qonaah.luqni.my.id/dashboard,,
http_req_blocked,1770787270,0.000000,,,,true,,GET,https://qonaah.luqni.my.id/dashboard,HTTP/2.0,default,,302,,tls1.3,https://qonaah.luqni.my.id/dashboard,,
http_req_connecting,1770787270,0.000000,,,,true,,GET,https://qonaah.luqni.my.id/dashboard,HTTP/2.0,default,,302,,tls1.3,https://qonaah.luqni.my.id/dashboard,,
http_req_tls_handshaking,1770787270,0.000000,,,,true,,GET,https://qonaah.luqni.my.id/dashboard,HTTP/2.0,default,,302,,tls1.3,https://qonaah.luqni.my.id/dashboard,,
http_req_sending,1770787270,0.000000,,,,true,,GET,https://qonaah.luqni.my.id/dashboard,HTTP/2.0,default,,302,,tls1.3,https://qonaah.luqni.my.id/dashboard,,
http_req_waiting,1770787270,49.074600,,,,true,,GET,https://qonaah.luqni.my.id/dashboard,HTTP/2.0,default,,302,,tls1.3,https://qonaah.luqni.my.id/dashboard,,
http_req_receiving,1770787270,2.920500,,,,true,,GET,https://qonaah.luqni.my.id/dashboard,HTTP/2.0,default,,302,,tls1.3,https://qonaah.luqni.my.id/dashboard,,
http_req_failed,1770787270,0.000000,,,,true,,GET,https://qonaah.luqni.my.id/dashboard,HTTP/2.0,default,,302,,tls1.3,https://qonaah.luqni.my.id/dashboard,,
http_reqs,1770787270,1.000000,,,,true,,GET,https://qonaah.luqni.my.id/login,HTTP/2.0,default,,200,,tls1.3,https://qonaah.luqni.my.id/login,,
http_req_duration,1770787270,48.260800,,,,true,,GET,https://qonaah.luqni.my.id/login,HTTP/2.0,default,,200,,tls1.3,https://qonaah.luqni.my.id/login,,
http_req_blocked,1770787270,0.000000,,,,true,,GET,https://qonaah.luqni.my.id/login,HTTP/2.0,default,,200,,tls1.3,https://qonaah.luqni.my.id/login,,
http_req_connecting,1770787270,0.000000,,,,true,,GET,https://qonaah.luqni.my.id/login,HTTP/2.0,default,,200,,tls1.3,https://qonaah.luqni.my.id/login,,
http_req_tls_handshaking,1770787270,0.000000,,,,true,,GET,https://qonaah.luqni.my.id/login,HTTP/2.0,default,,200,,tls1.3,https://qonaah.luqni.my.id/login,,
http_req_sending,1770787270,0.000000,,,,true,,GET,https://qonaah.luqni.my.id/login,HTTP/2.0,default,,200,,tls1.3,https://qonaah.luqni.my.id/login,,
http_req_waiting,1770787270,45.416600,,,,true,,GET,https://qonaah.luqni.my.id/login,HTTP/2.0,default,,200,,tls1.3,https://qonaah.luqni.my.id/login,,
http_req_receiving,1770787270,2.844200,,,,true,,GET,https://qonaah.luqni.my.id/login,HTTP/2.0,default,,200,,tls1.3,https://qonaah.luqni.my.id/login,,
http_req_failed,1770787270,0.000000,,,,true,,GET,https://qonaah.luqni.my.id/login,HTTP/2.0,default,,200,,tls1.3,https://qonaah.luqni.my.id/login,,
checks,1770787270,1.000000,status is 200,,,,,,,,default,,,,,,,
vus,1770787271,1.000000,,,,,,,,,,,,,,,,
vus_max,1770787271,1.000000,,,,,,,,,,,,,,,,
data_sent,1770787271,709.000000,,,,,,,,,default,,,,,,,
data_received,1770787271,11917.000000,,,,,,,,,default,,,,,,,
iteration_duration,1770787271,1112.914800,,,,,,,,,default,,,,,,,
iterations,1770787271,1.000000,,,,,,,,,default,,,,,,,
http_reqs,1770787271,1.000000,,,,true,,GET,https://qonaah.luqni.my.id/dashboard,HTTP/2.0,default,,302,,tls1.3,https://qonaah.luqni.my.id/dashboard,,
http_req_duration,1770787271,59.432800,,,,true,,GET,https://qonaah.luqni.my.id/dashboard,HTTP/2.0,default,,302,,tls1.3,https://qonaah.luqni.my.id/dashboard,,
http_req_blocked,1770787271,0.000000,,,,true,,GET,https://qonaah.luqni.my.id/dashboard,HTTP/2.0,default,,302,,tls1.3,https://qonaah.luqni.my.id/dashboard,,
http_req_connecting,1770787271,0.000000,,,,true,,GET,https://qonaah.luqni.my.id/dashboard,HTTP/2.0,default,,302,,tls1.3,https://qonaah.luqni.my.id/dashboard,,
http_req_tls_handshaking,1770787271,0.000000,,,,true,,GET,https://qonaah.luqni.my.id/dashboard,HTTP/2.0,default,,302,,tls1.3,https://qonaah.luqni.my.id/dashboard,,
http_req_sending,1770787271,0.507400,,,,true,,GET,https://qonaah.luqni.my.id/dashboard,HTTP/2.0,default,,302,,tls1.3,https://qonaah.luqni.my.id/dashboard,,
http_req_waiting,1770787271,58.090200,,,,true,,GET,https://qonaah.luqni.my.id/dashboard,HTTP/2.0,default,,302,,tls1.3,https://qonaah.luqni.my.id/dashboard,,
http_req_receiving,1770787271,0.835200,,,,true,,GET,https://qonaah.luqni.my.id/dashboard,HTTP/2.0,default,,302,,tls1.3,https://qonaah.luqni.my.id/dashboard,,
http_req_failed,1770787271,0.000000,,,,true,,GET,https://qonaah.luqni.my.id/dashboard,HTTP/2.0,default,,302,,tls1.3,https://qonaah.luqni.my.id/dashboard,,
http_reqs,1770787271,1.000000,,,,true,,GET,https://qonaah.luqni.my.id/login,HTTP/2.0,default,,200,,tls1.3,https://qonaah.luqni.my.id/login,,
http_req_duration,1770787271,62.167500,,,,true,,GET,https://qonaah.luqni.my.id/login,HTTP/2.0,default,,200,,tls1.3,https://qonaah.luqni.my.id/login,,
http_req_blocked,1770787271,0.000000,,,,true,,GET,https://qonaah.luqni.my.id/login,HTTP/2.0,default,,200,,tls1.3,https://qonaah.luqni.my.id/login,,
http_req_connecting,1770787271,0.000000,,,,true,,GET,https://qonaah.luqni.my.id/login,HTTP/2.0,default,,200,,tls1.3,https://qonaah.luqni.my.id/login,,
http_req_tls_handshaking,1770787271,0.000000,,,,true,,GET,https://qonaah.luqni.my.id/login,HTTP/2.0,default,,200,,tls1.3,https://qonaah.luqni.my.id/login,,
http_req_sending,1770787271,0.000000,,,,true,,GET,https://qonaah.luqni.my.id/login,HTTP/2.0,default,,200,,tls1.3,https://qonaah.luqni.my.id/login,,
http_req_waiting,1770787271,53.672100,,,,true,,GET,https://qonaah.luqni.my.id/login,HTTP/2.0,default,,200,,tls1.3,https://qonaah.luqni.my.id/login,,
http_req_receiving,1770787271,8.495400,,,,true,,GET,https://qonaah.luqni.my.id/login,HTTP/2.0,default,,200,,tls1.3,https://qonaah.luqni.my.id/login,,
http_req_failed,1770787271,0.000000,,,,true,,GET,https://qonaah.luqni.my.id/login,HTTP/2.0,default,,200,,tls1.3,https://qonaah.luqni.my.id/login,,
checks,1770787271,1.000000,status is 200,,,,,,,,default,,,,,,,
vus,1770787272,1.000000,,,,,,,,,,,,,,,,
vus_max,1770787272,1.000000,,,,,,,,,,,,,,,,
data_sent,1770787272,710.000000,,,,,,,,,default,,,,,,,
data_received,1770787272,12172.000000,,,,,,,,,default,,,,,,,
iteration_duration,1770787272,1133.889300,,,,,,,,,default,,,,,,,
iterations,1770787272,1.000000,,,,,,,,,default,,,,,,,
http_reqs,1770787272,1.000000,,,,true,,GET,https://qonaah.luqni.my.id/dashboard,HTTP/2.0,default,,302,,tls1.3,https://qonaah.luqni.my.id/dashboard,,
http_req_duration,1770787272,54.766700,,,,true,,GET,https://qonaah.luqni.my.id/dashboard,HTTP/2.0,default,,302,,tls1.3,https://qonaah.luqni.my.id/dashboard,,
http_req_blocked,1770787272,0.000000,,,,true,,GET,https://qonaah.luqni.my.id/dashboard,HTTP/2.0,default,,302,,tls1.3,https://qonaah.luqni.my.id/dashboard,,
http_req_connecting,1770787272,0.000000,,,,true,,GET,https://qonaah.luqni.my.id/dashboard,HTTP/2.0,default,,302,,tls1.3,https://qonaah.luqni.my.id/dashboard,,
http_req_tls_handshaking,1770787272,0.000000,,,,true,,GET,https://qonaah.luqni.my.id/dashboard,HTTP/2.0,default,,302,,tls1.3,https://qonaah.luqni.my.id/dashboard,,
http_req_sending,1770787272,0.000000,,,,true,,GET,https://qonaah.luqni.my.id/dashboard,HTTP/2.0,default,,302,,tls1.3,https://qonaah.luqni.my.id/dashboard,,
http_req_waiting,1770787272,53.025100,,,,true,,GET,https://qonaah.luqni.my.id/dashboard,HTTP/2.0,default,,302,,tls1.3,https://qonaah.luqni.my.id/dashboard,,
http_req_receiving,1770787272,1.741600,,,,true,,GET,https://qonaah.luqni.my.id/dashboard,HTTP/2.0,default,,302,,tls1.3,https://qonaah.luqni.my.id/dashboard,,
http_req_failed,1770787272,0.000000,,,,true,,GET,https://qonaah.luqni.my.id/dashboard,HTTP/2.0,default,,302,,tls1.3,https://qonaah.luqni.my.id/dashboard,,
http_reqs,1770787273,1.000000,,,,true,,GET,https://qonaah.luqni.my.id/login,HTTP/2.0,default,,200,,tls1.3,https://qonaah.luqni.my.id/login,,
http_req_duration,1770787273,58.685200,,,,true,,GET,https://qonaah.luqni.my.id/login,HTTP/2.0,default,,200,,tls1.3,https://qonaah.luqni.my.id/login,,
http_req_blocked,1770787273,0.000000,,,,true,,GET,https://qonaah.luqni.my.id/login,HTTP/2.0,default,,200,,tls1.3,https://qonaah.luqni.my.id/login,,
http_req_connecting,1770787273,0.000000,,,,true,,GET,https://qonaah.luqni.my.id/login,HTTP/2.0,default,,200,,tls1.3,https://qonaah.luqni.my.id/login,,
http_req_tls_handshaking,1770787273,0.000000,,,,true,,GET,https://qonaah.luqni.my.id/login,HTTP/2.0,default,,200,,tls1.3,https://qonaah.luqni.my.id/login,,
http_req_sending,1770787273,0.000000,,,,true,,GET,https://qonaah.luqni.my.id/login,HTTP/2.0,default,,200,,tls1.3,https://qonaah.luqni.my.id/login,,
http_req_waiting,1770787273,50.413100,,,,true,,GET,https://qonaah.luqni.my.id/login,HTTP/2.0,default,,200,,tls1.3,https://qonaah.luqni.my.id/login,,
http_req_receiving,1770787273,8.272100,,,,true,,GET,https://qonaah.luqni.my.id/login,HTTP/2.0,default,,200,,tls1.3,https://qonaah.luqni.my.id/login,,
http_req_failed,1770787273,0.000000,,,,true,,GET,https://qonaah.luqni.my.id/login,HTTP/2.0,default,,200,,tls1.3,https://qonaah.luqni.my.id/login,,
checks,1770787273,1.000000,status is 200,,,,,,,,default,,,,,,,
vus,1770787273,1.000000,,,,,,,,,,,,,,,,
vus_max,1770787273,1.000000,,,,,,,,,,,,,,,,
data_sent,1770787274,757.000000,,,,,,,,,default,,,,,,,
data_received,1770787274,12121.000000,,,,,,,,,default,,,,,,,
iteration_duration,1770787274,1114.245300,,,,,,,,,default,,,,,,,
iterations,1770787274,1.000000,,,,,,,,,default,,,,,,,
http_reqs,1770787274,1.000000,,,,true,,GET,https://qonaah.luqni.my.id/dashboard,HTTP/2.0,default,,302,,tls1.3,https://qonaah.luqni.my.id/dashboard,,
http_req_duration,1770787274,50.579100,,,,true,,GET,https://qonaah.luqni.my.id/dashboard,HTTP/2.0,default,,302,,tls1.3,https://qonaah.luqni.my.id/dashboard,,
http_req_blocked,1770787274,0.000000,,,,true,,GET,https://qonaah.luqni.my.id/dashboard,HTTP/2.0,default,,302,,tls1.3,https://qonaah.luqni.my.id/dashboard,,
http_req_connecting,1770787274,0.000000,,,,true,,GET,https://qonaah.luqni.my.id/dashboard,HTTP/2.0,default,,302,,tls1.3,https://qonaah.luqni.my.id/dashboard,,
http_req_tls_handshaking,1770787274,0.000000,,,,true,,GET,https://qonaah.luqni.my.id/dashboard,HTTP/2.0,default,,302,,tls1.3,https://qonaah.luqni.my.id/dashboard,,
http_req_sending,1770787274,0.000000,,,,true,,GET,https://qonaah.luqni.my.id/dashboard,HTTP/2.0,default,,302,,tls1.3,https://qonaah.luqni.my.id/dashboard,,
http_req_waiting,1770787274,49.923000,,,,true,,GET,https://qonaah.luqni.my.id/dashboard,HTTP/2.0,default,,302,,tls1.3,https://qonaah.luqni.my.id/dashboard,,
http_req_receiving,1770787274,0.656100,,,,true,,GET,https://qonaah.luqni.my.id/dashboard,HTTP/2.0,default,,302,,tls1.3,https://qonaah.luqni.my.id/dashboard,,
http_req_failed,1770787274,0.000000,,,,true,,GET,https://qonaah.luqni.my.id/dashboard,HTTP/2.0,default,,302,,tls1.3,https://qonaah.luqni.my.id/dashboard,,
http_reqs,1770787274,1.000000,,,,true,,GET,https://qonaah.luqni.my.id/login,HTTP/2.0,default,,200,,tls1.3,https://qonaah.luqni.my.id/login,,
http_req_duration,1770787274,60.995200,,,,true,,GET,https://qonaah.luqni.my.id/login,HTTP/2.0,default,,200,,tls1.3,https://qonaah.luqni.my.id/login,,
http_req_blocked,1770787274,0.000000,,,,true,,GET,https://qonaah.luqni.my.id/login,HTTP/2.0,default,,200,,tls1.3,https://qonaah.luqni.my.id/login,,
http_req_connecting,1770787274,0.000000,,,,true,,GET,https://qonaah.luqni.my.id/login,HTTP/2.0,default,,200,,tls1.3,https://qonaah.luqni.my.id/login,,
http_req_tls_handshaking,1770787274,0.000000,,,,true,,GET,https://qonaah.luqni.my.id/login,HTTP/2.0,default,,200,,tls1.3,https://qonaah.luqni.my.id/login,,
http_req_sending,1770787274,0.000000,,,,true,,GET,https://qonaah.luqni.my.id/login,HTTP/2.0,default,,200,,tls1.3,https://qonaah.luqni.my.id/login,,
http_req_waiting,1770787274,52.971100,,,,true,,GET,https://qonaah.luqni.my.id/login,HTTP/2.0,default,,200,,tls1.3,https://qonaah.luqni.my.id/login,,
http_req_receiving,1770787274,8.024100,,,,true,,GET,https://qonaah.luqni.my.id/login,HTTP/2.0,default,,200,,tls1.3,https://qonaah.luqni.my.id/login,,
http_req_failed,1770787274,0.000000,,,,true,,GET,https://qonaah.luqni.my.id/login,HTTP/2.0,default,,200,,tls1.3,https://qonaah.luqni.my.id/login,,
checks,1770787274,1.000000,status is 200,,,,,,,,default,,,,,,,
vus,1770787274,1.000000,,,,,,,,,,,,,,,,
vus_max,1770787274,1.000000,,,,,,,,,,,,,,,,
data_sent,1770787275,734.000000,,,,,,,,,default,,,,,,,
data_received,1770787275,11984.000000,,,,,,,,,default,,,,,,,
iteration_duration,1770787275,1111.717400,,,,,,,,,default,,,,,,,
iterations,1770787275,1.000000,,,,,,,,,default,,,,,,,
